"n","S","Tot.incid","C_jacc","C_jacc_Z_sim2","C_jacc_Z_IT","B_jacc","B_jacc_Z_sim2","B_jacc_Z_IT"
17,71,376,0.168281775890369,0.246991354694373,-0.0497490181572871,0.348240834317128,3.12245796016087,1.62044469424816
12,25,117,0.207617965367965,-0.00111513855111422,0.0495077391259809,0.409578856971905,1.71497662286459,1.2783141004931
51,12,241,0.235860941769685,1.81683418990254,1.32423782609072,0.587861528449764,2.46536770776878,1.46121594713585
25,10,142,0.342948555145733,0.617096651751843,1.12400336432059,0.689568783068783,2.10932036905833,1.67621748339228
30,7,112,0.329287439613527,1.37872784868707,1.25621734716325,0.650815544608648,1.61673367959649,1.26882113054354
20,23,139,0.24288578874431,1.01068936539042,0.408740945836652,0.265525692487767,1.29525374659686,0.633134299915405
11,65,142,0.124484508547009,0.0664017041803561,-0.290901032862766,0.133658755857153,0.408805468151576,0.0732291391729192
24,61,392,0.130486628190208,0.244443115212056,-0.0606045675419812,0.449324740360741,4.7935172980171,2.19570752054275
4,40,110,0.512179487179487,-0.0418397114759658,0.335491944153824,0.646514161220044,2.07615793107386,3.28021795094391
3,34,74,0.554664289958408,-0.0733441845747372,0.205455134419589,0.608960573476703,0.634818318837601,2.59056877066223
12,102,167,0.294717623022806,0.949545873291242,0.087773166328596,0.0809296554240855,0.851395501543752,0.424380192996085
31,9,119,0.375627593589578,1.76947448222729,1.35034199518935,0.309751664106503,0.539436279460115,0.200885663032398
5,13,36,0.377136752136752,-0.0507284450451753,0.200474153390793,0.354444444444444,-0.210899598543679,0.456335741278575
5,15,47,0.508412698412698,0.461614886555357,0.578538427116203,0.484115884115884,0.57015776655447,1.34515360313464
5,9,27,0.550462962962963,0.925948713144773,0.661271493041366,0.417857142857143,0.49435780266256,0.815114379580911
4,4,13,0.708333333333333,0.156250906442843,1.13699224128598,0.625,-0.940518724799306,0.906823946951689
4,3,12,1,NA,2.12269048821061,1,NA,1.7381635797029
51,41,285,0.159832678015748,1.60948441599484,0.456868272892084,0.122011379828039,0.939264506193671,0.124971832741479
9,23,92,0.292714411192672,0.463500892080672,0.0806464682696168,0.560875492064217,2.99809940583907,2.01159899018428
15,22,94,0.145102840882062,0.133949685106709,-0.117003340136335,0.336995306281021,1.6488216108231,0.956008011760617
15,31,127,0.142426957749538,0.176729927517989,-0.156027677257342,0.307215713259499,1.79240962587215,0.949383161640554
3,62,115,0.55676009166226,0.510648852363282,0.18175846740416,0.414119570028177,0.120112962886128,1.94715653992655
8,65,270,0.385824748168498,0.501621671132436,0.431670694778603,0.505651880741385,3.08648575466555,2.96695674542624
15,17,64,0.112842365967366,0.0348494182580235,-0.311230423071441,0.301660138802996,1.19957127494691,0.544827684284276
15,17,64,0.131194255091314,0.128335332870262,-0.20589827912278,0.233657665086237,0.78079046031675,0.327717699179
15,17,67,0.148723906812142,0.135931980124114,-0.246379283982734,0.273790733076447,0.986256994597232,0.47745114960455
17,16,138,0.326358215586157,0.402130855401341,0.654912405909624,0.48473645431366,1.4011674031614,1.32708658852736
14,8,45,0.251627340913055,0.66368280498218,0.227714371761002,0.419832548403977,1.1308643470774,0.517152146629064
17,71,376,0.168281775890369,0.249678242031463,-0.0504180249807098,0.348240834317128,3.09559132089424,1.60503663478928
40,10,91,0.168504381755156,0.631640743556268,0.326610675939641,0.149465811965812,0.123366801948062,-0.248555329089926
3,60,77,0.3469868173258,0.00556248308070483,-0.416292241905401,0.139642804860196,-2.2237773343013,-1.18437746249529
8,16,19,0.116666666666667,-0.0433246996259509,-0.465955337823362,0.0408163265306122,-0.375749280131611,-0.412601062084934
4,6,13,0.433333333333333,0.260351476704485,0.160445784610575,0.291666666666667,-0.38766567873352,-0.0144928533939484
14,17,60,0.153426761147349,0.223935781602107,-0.164304213886809,0.225398411112697,0.768346103837614,0.298356159673131
6,12,22,0.253535353535354,0.263815495975105,-0.248476984648921,0.221851851851852,0.470948012369084,0.110899769770226
8,15,38,0.184886621315193,0.123767397230735,-0.287558157449303,0.238973922902494,0.551950995979977,0.235872723416636
8,36,135,0.436547619047619,0.937750340233032,0.59168453248956,0.41154000203507,2.50248388779422,1.72764723802052
9,36,144,0.334320357772739,0.553643484244097,0.27519813318181,0.409074253793654,2.00762454130536,1.54966757684547
4,35,59,0.285434173669468,-0.0170416856025273,-0.355422769629545,0.265203685203685,-0.0273540926770623,0.262262902441766
6,34,75,0.265983363042187,0.245179582028152,-0.166995422139858,0.241098351940457,0.54195075211131,0.471467845904877
4,18,41,0.398148148148148,-0.071059806652799,-0.00479308801091454,0.46963649096002,0.634199202401276,1.2418349161786
3,16,32,0.508333333333333,0.159028932501929,0.0503245773235777,0.525274725274725,0.34732819895884,1.49176809519036
7,24,65,0.248826777087647,0.189561555342597,-0.124083386252239,0.282652548198767,0.577609814326304,0.515810531635881
6,16,48,0.390277777777778,0.485392620018659,0.255272910195028,0.409266474266474,0.885464403886112,1.08657504953867
7,72,296,0.433037111558238,0.46089604050228,0.522341183398791,0.532796761355532,2.89437771004845,3.32939335716952
5,19,57,0.431968810916179,0.350954645059134,0.253309093848376,0.606804567981039,1.93029639741614,2.16754979741529
5,15,58,0.603809523809524,-0.0965029449047516,0.935660881803191,0.732875457875458,1.23265315200512,2.44109319517322
5,85,183,0.277147525676937,0.0235121126640627,-0.230291374110967,0.322480160924941,1.04375403602419,1.17082672162765
5,76,168,0.28472514619883,0.0263053840547798,-0.20916748920286,0.335414934676866,1.01287138720257,1.27378773897889
16,25,48,0.0992777777777778,0.138793617176424,-0.224745328703604,0.0605759980759981,-0.0280624274735498,-0.30533408798835
6,8,24,0.430357142857143,0.386329899415838,0.50925834442743,0.29484126984127,-0.291528313419071,0.156756323203879
6,9,39,0.553703703703704,0.0521280537869842,0.918878796616876,0.646296296296296,0.623166298705969,1.56515050848944
3,8,14,0.404761904761905,-0.0988916183445328,-0.225484248302475,0.337301587301587,-0.55446801883041,0.202634867700155
3,3,5,0.555555555555556,1.27573508221731,0.229765453005515,0.555555555555556,1.31733697751516,0.169373074566563
15,65,297,0.179846078067232,0.282737278703372,-0.00803138995421325,0.277429866237431,1.94202333782798,1.18025555068112
4,20,50,0.431140350877193,-0.045101874217219,0.0833639584903446,0.533728213507625,0.843661897046536,1.62477086890712
3,16,31,0.480555555555556,0.0623751790898748,-0.00558701133041317,0.474236874236874,0.0891519850886149,1.1400532343913
7,38,87,0.234024249813723,0.279540773563302,-0.211469245465865,0.217526001385923,0.6544028366629,0.39136213481631
6,36,80,0.269312169312169,0.201067237302099,-0.126114689636827,0.235753018586352,0.370604138898601,0.444024485686476
3,63,121,0.472691585594811,-0.0262494458039562,-0.0456346458348105,0.495910254940183,0.475340586510902,2.40827647115835
3,77,150,0.489861016176806,0.0594100762120971,0.00171235406643356,0.506600881033068,0.70166211917281,2.82465622825107
3,165,278,0.443409706824341,0.135392514270864,-0.136658082675256,0.370022693549795,-0.226315795667709,2.01480898392732
6,282,662,0.276072453160361,0.197960321938634,-0.123025293115113,0.298079389312799,2.60107886184333,2.25376113423322
8,4,27,0.761904761904762,0.581296443820729,1.93185304526704,0.714285714285714,-0.0542368344872452,1.11050643345414
8,4,30,0.875,-0.373165026164212,2.3785430498705,0.875,-0.580472359837328,1.59618536156258
42,91,281,0.0616990512667212,0.329604950679223,-0.226040902033608,0.076326983310812,0.915393868812805,0.0906116199263391
8,6,23,0.298492063492063,0.312294812138641,0.202264262058931,0.491071428571429,0.931972282904233,0.635021982445748
8,22,64,0.4568130282416,1.31121619302666,0.563994832902364,0.192757461836409,0.566871671903347,0.238004276307654
91,679,1207,0.0724364297427184,0.774923695825979,-0.179235895076798,0.0402746668285985,1.61400618439658,0.206747540925195
20,30,332,0.35056832432086,0.540275095568448,0.973294768021634,0.620917329229486,3.1991692539656,2.62438422480666
4,12,41,0.756313131313131,0.437856962152331,1.20123244584852,0.758333333333333,0.349149358365153,2.3975634601284
4,4,11,0.541666666666667,0.0524459408796298,0.596438889433203,0.541666666666667,0.0383104902054863,0.587162263052523
11,17,100,0.32403101392072,0.0950762350561366,0.366086249380913,0.539699694245149,1.64274193583946,1.55734200262946
51,14,114,0.127190377953082,0.857753539866163,0.282595786935065,0.119153134447252,0.217709410133953,-0.286585549776632
5,33,68,0.278661616161616,0.0469322614450871,-0.228122370820766,0.299662804515746,0.482465099197924,0.603188141923667
5,35,78,0.330252100840336,0.178442164037863,-0.0469413201403143,0.27471434057641,0.080213417603034,0.465366164097809
10,99,320,0.215661964641556,0.232398734463388,-0.0215644316932392,0.294210999052026,2.35340538971758,1.54343941007906
11,40,201,0.319082491582492,0.435208427742311,0.433638888527917,0.412179573450088,1.97028103587416,1.71919594912655
25,79,299,0.159485780769367,0.884104733904062,0.105247821520058,0.143438675336775,1.69371040861233,0.693466402795407
4,24,46,0.365942028985507,0.24751504365197,-0.169045615423255,0.366454013822435,0.801550839080854,0.938534882934568
3,10,20,0.522222222222222,0.31246313709273,0.129528951262064,0.542328042328042,0.449182838246019,1.16605520572965
6,21,57,0.315714285714286,0.296476173062922,-0.00920145570946482,0.394924062865239,1.25928430756684,1.07041252386187
6,18,40,0.216339869281046,-0.00507570805164344,-0.321554189568168,0.266250971250971,0.347854326765923,0.313831596128814
8,49,93,0.170682499190152,0.085058022844297,-0.2439043523869,0.110773661847988,-0.20432650722654,-0.199562041996803
4,32,71,0.431283602150538,0.277729532662905,0.0780596512019184,0.385046945391773,0.418671457840561,1.14708612311762
18,11,38,0.131469237832874,0.363002054626726,-0.112118105949929,0.144491129785247,0.238746276214162,-0.266157246616317
13,44,143,0.241876824725662,0.78344885016246,0.159604298062107,0.166516377562491,0.769758349441245,0.451578180834988
4,15,23,0.254761904761905,-0.0885091728185071,-0.45631076120824,0.203920153920154,-0.351629021014616,-0.0751880531900753
3,18,23,0.325708061002179,-0.043204973563639,-0.465588844341775,0.153418803418803,-1.04311933225178,-0.619868702435321
7,30,54,0.201330049261084,0.168422215279679,-0.30895961675792,0.153359510695866,0.219389745226551,0.0911172335000556
6,30,63,0.238697318007663,0.185726777854353,-0.272475403665898,0.233882801065464,0.437957779927612,0.334793913095765
8,81,246,0.230762051734274,0.15430399245536,-0.0986504596368983,0.355263567021055,2.53220009708735,1.86506268478941
20,36,177,0.121519493169206,0.113352857238345,-0.129767404696967,0.294998812156829,1.84740776960366,0.957907943083256
19,38,167,0.111593742258155,0.109303528651587,-0.206096626281169,0.273646827962803,1.79220405514361,0.835819810071291
19,33,158,0.124715211020138,0.152926404354748,-0.146835687191766,0.286719297084025,1.70619679131632,0.846866930089412
19,33,135,0.11960710206097,0.190095242788236,-0.174136406012427,0.229307469884435,1.26965034165618,0.63130977474397
18,22,88,0.11039729093587,0.120028253952391,-0.231592572810493,0.221143616731852,0.913396666438932,0.424956922382871
14,13,52,0.190805668690284,0.250246215171936,-0.00404700435411212,0.327255680827109,1.11126723070037,0.602033289740274
10,12,30,0.171320346320346,0.204666488135667,-0.182280606808883,0.165308641975309,0.181757464939441,-0.0715439252611879
9,56,103,0.24334570191713,0.536680005205342,-0.0867360548696903,0.118456111609361,0.594991379588255,0.167551004486708
4,24,82,0.780797101449275,1.50827327871916,1.23858669387388,0.787037037037037,4.72162969202307,3.66626720518588
11,28,77,0.132976400436718,0.0223924846534622,-0.330106292172002,0.230240189103825,0.915894153011021,0.448481000198897
53,17,158,0.163333591684737,1.20100769525827,0.437108816150885,0.113014446849715,0.211194992404691,-0.178916595348049
5,42,108,0.340805265195509,0.10215195162085,-0.048642591678542,0.458848772790203,1.70585578091052,1.9082191581529
5,23,69,0.400065876152833,-0.00573994351272989,0.122999162937637,0.583611971104231,1.72214589945004,2.08548163986012
5,34,95,0.383511586452763,0.159999972446134,0.082389428589822,0.507589505003298,1.79982437400063,1.98085696058937
5,24,69,0.46292270531401,0.690053984037979,0.272098029724951,0.655760326629892,2.98790250400863,2.58984989328176
5,32,96,0.41760752688172,0.109499504599763,0.217386543924287,0.543743805309023,1.68354168365077,2.24335577109478
5,25,75,0.396,0.0356530106219212,0.111043575756595,0.634540294586734,2.39713440538503,2.5097488119487
4,19,33,0.357212475633528,0.223438657576129,-0.211843067405239,0.315013227513228,0.504663140718623,0.643506560553722
13,11,53,0.24030106257379,0.610500535494128,0.217265340606192,0.372868335368335,1.19156770900413,0.608133975573045
4,19,45,0.403021442495127,0.0284550184399671,-0.0153396069125356,0.498511904761905,0.875904838797981,1.34946214160197
6,25,72,0.339333333333333,0.229573929335109,0.0709532954699452,0.411635858744487,1.21172504289705,1.225072914174
17,19,62,0.110071669243496,0.235680360834684,-0.252234020417715,0.311996806298277,1.72740869490614,0.634330353986337
15,28,96,0.168717158796524,0.396416445483026,-0.015645900659276,0.203008215227366,0.9810403222094,0.45414450146741
18,29,98,0.136737803794454,0.411982842965557,-0.0864404989364792,0.158838559960851,0.868395766950271,0.200797389101982
17,24,64,0.134272973403408,0.422027380377665,-0.15973424552778,0.174080759926348,0.921345656427877,0.120504477093698
17,23,71,0.0980595381781152,0.0650221701465294,-0.226984335767833,0.177946910116028,0.714893496637197,0.232295436484151
6,16,37,0.320972222222222,0.237407691563741,-0.0343590552702189,0.30509768009768,0.621093428795736,0.528962135507811
9,11,98,0.97979797979798,NA,2.96661430343995,0.97979797979798,NA,3.30485392051332
4,21,41,0.331349206349206,0.0425754027905701,-0.227631881153535,0.302935340802988,-0.186673006584332,0.394542350087145
3,23,47,0.565876152832675,0.426290277476033,0.251003637279732,0.510480747322853,0.37396216717514,1.75786070795244
6,31,88,0.36921146953405,0.496057480065315,0.141439892241372,0.343672404127782,0.915386728592509,1.03519261426896
6,27,102,0.49363722697056,0.564795514998938,0.596653151330296,0.536332341952479,1.45771691494426,2.09065545838637
97,33,316,0.14005420600665,1.98361386614913,0.693992316486475,0.0695930774246743,0.278273327328638,-0.189231752287982
7,32,59,0.371068548387097,0.911481530898086,0.110186600871743,0.139790237730741,0.516591498668341,-0.126508960769524
27,52,471,0.164659523521637,0.174786171930298,0.154325055289139,0.399103416391393,3.04551231882351,1.73512004921578
26,49,497,0.191530978051717,0.0995279013218597,0.298106928271877,0.482195442554124,3.59304418871879,2.24595952030614
26,27,122,0.0912429418938186,0.152663613065889,-0.203203567379707,0.240122172699096,1.3897311815355,0.57948768626405
26,27,180,0.0986829679397498,0.124527447127677,-0.132549027291862,0.479947061485523,3.44211331789638,1.46012547409833
27,63,322,0.0861612753506926,0.127514253966813,-0.243654397508896,0.234754349625661,2.16245013314152,0.796159220873255
26,55,344,0.101720013711646,0.0878830414859457,-0.158024383826356,0.334130075666485,2.96067233429971,1.33548973253771
27,33,212,0.0872714951356942,-0.016784511091234,-0.249386133946066,0.463663338411956,3.63677854027835,1.52046964192467
26,47,230,0.0749893515923359,0.102725917174624,-0.270226714819123,0.348835126464919,3.35809781236298,1.34724765927037
13,34,141,0.211494175264229,0.266643312604287,0.0800279091760375,0.21394521499166,0.545873318496114,0.421241580458617
25,6,53,0.174727668845316,-0.256571440884904,-0.0765644480845617,0.272666666666667,0.220541901679753,-0.150085586865335
45,8,144,0.226225436796948,0.298808066611015,0.622457235873767,0.359259259259259,0.657138782022732,0.352565031058351
98,8,390,0.30250046930361,0.360323101762522,1.59487276801237,0.460155490767736,0.794738931078148,0.774698042122944
36,6,66,0.111285554863072,-0.488888718435704,-0.314116165387631,0.327804232804233,0.48903332689469,-0.0194815183729531
93,9,216,0.0927851110016182,-0.130506746106664,-0.0496513849831035,0.308769117745275,0.809903674993884,0.128672394679901
65,14,249,0.266959553663807,2.01208688855912,1.18717165024392,0.170970810706388,0.26788060172086,-0.0242236934099675
29,19,211,0.22115739832722,0.614613623695334,0.638538084458619,0.477501507395017,2.31318444147348,1.45297217802483
29,19,211,0.22115739832722,0.625735564830782,0.637517579575131,0.477501507395017,2.3045554166009,1.45790329514469
11,14,46,0.252312370169513,0.524342221680255,0.217945247366825,0.198929403929404,0.327940021319312,0.160447432469887
14,71,193,0.11722498270788,0.142997048632865,-0.271347286088806,0.158006044894079,1.06697796878615,0.31779355950211
15,51,139,0.136457653457653,0.299427845957083,-0.180603943020798,0.151835642464304,1.01097129386514,0.356271358623194
15,45,121,0.105528357725327,0.134118487285924,-0.345038816571052,0.181093170020636,1.30187893195271,0.399570366987672
15,43,107,0.104815379649267,0.178195199956793,-0.335705726502902,0.132035004244204,0.753366695052176,0.127836935153709
14,55,242,0.189422734018694,0.334927596276259,-0.00163565648365494,0.345551843736697,2.73736806494521,1.61750449853446
15,45,165,0.157248315657407,0.287417790685001,-0.0589865762009535,0.232093132407729,1.51095305550957,0.825540177790443
15,41,121,0.13084003733394,0.298662712008805,-0.221298151866407,0.220952232087407,1.72970475130833,0.72707553481776
15,34,102,0.114847254152067,0.183939362463808,-0.278001722677973,0.22614107001325,1.42687742759552,0.642228067833052
15,124,378,0.140603108099174,0.316310284658287,-0.168110751727938,0.184899556465649,2.12855132930282,0.870517528981206
15,71,342,0.182919015927064,0.307869514595978,0.00512502617178867,0.384237082383844,3.67891379919191,2.11506580087311
14,72,193,0.115670518839533,0.118271724250228,-0.29702852015244,0.189604132248694,1.52021318243235,0.61283204968477
15,69,177,0.0862192699788608,0.0337273310137498,-0.375697094642774,0.169675142111038,1.29495966517595,0.383112865053474
15,37,109,0.115665378165378,0.175307154467644,-0.282424293045953,0.176281339141799,0.978590275548283,0.343622835057047
16,57,243,0.197936839337215,0.629329329371259,0.0584575047985643,0.263055939415064,2.16934180537937,1.06377749095528
15,44,168,0.140019910791581,0.192241540426594,-0.16812986660076,0.289485788093541,2.06052024190932,1.05690773862396
15,38,132,0.152616235510972,0.323906856614358,-0.13198270361974,0.312068544650505,2.3394429630662,1.20169645216142
16,109,323,0.119234487385609,0.220116043738898,-0.244447953055452,0.198856577163981,2.36095348539663,0.933006482132563
16,77,338,0.194804091822205,0.577434200627217,0.0478126317924994,0.303600623784085,3.17781545213727,1.60295560168055
12,40,173,0.213417508417508,0.238664241175552,0.0304083416570377,0.327780236172323,1.66472798263396,1.16487118345352
22,57,494,0.222052878828234,0.320871230340299,0.377286926672647,0.453246168100556,3.44567305675504,2.24832437974562
9,72,392,0.418731214447177,0.146877427881955,0.655292156220843,0.591124625723604,3.3744844290887,3.83825637577896
4,54,95,0.361926391800606,0.113736742195265,-0.144724435792349,0.293913906142167,0.235600152531369,0.748117177101996
4,59,88,0.276446522501461,-4.80575570563071e-05,-0.358129603438209,0.154822301881125,-1.16967539874922,-0.708656842451014
4,23,27,0.286561264822134,0.0876190922415052,-0.380181896198013,0.0500518000518001,-1.04368899796658,-0.859423234687663
12,88,210,0.144911035643794,0.205605218452159,-0.191273539926144,0.114620139661602,0.401185342934305,0.0555762442058614
10,29,101,0.234598092110407,0.418414268994765,0.0334582308941241,0.331359430413027,1.65855192714747,1.08164322040831
3,35,50,0.350700280112045,-0.0451368733243005,-0.396850167981225,0.2531569664903,-0.889744233277471,-0.0323035820934473
14,90,164,0.228604143810136,0.786201594355305,-0.00478759026118582,0.0894669373584225,0.873753099958738,0.339050073220253
10,29,42,0.332717569786535,0.917053745545689,0.12361818744222,0.0738287638287638,0.0803575679858516,-0.180913921201563
9,33,45,0.204229797979798,0.360323502867782,-0.223222589987726,0.0575665461082128,-0.0688723607197346,-0.380888069230702
9,27,39,0.277967711301045,0.626823529591067,-0.0254112094949972,0.0489054881211744,-0.162122402639432,-0.355382166757846
10,29,43,0.300492610837438,0.831846297292654,0.0441511972561928,0.0448742582953109,-0.136768182262556,-0.411833643633443
8,35,51,0.258011204481793,0.512415805736909,-0.125032817487263,0.0577685039253362,-0.077195884426494,-0.350142632466224
8,26,36,0.251538461538462,0.475750367585933,-0.167794413101999,0.0671704198793982,-0.115471742250078,-0.37841189374702
7,24,31,0.380434782608696,0.748641423914719,0.0929589435349966,0.0435846560846561,-0.260048166229515,-0.450610842448064
8,27,47,0.223884140550807,0.343543081963551,-0.207466748356688,0.165364298400013,0.653931611626664,0.251492789859921
10,44,96,0.130488019732206,0.0514980443185691,-0.362580478747131,0.18134305437711,0.818076095325587,0.332397149798481
11,47,125,0.159591888222786,0.22167525042619,-0.186729696541431,0.219192668553879,1.32582356625866,0.715674296130796
3,8,21,0.767857142857143,0.700932215088773,0.970540385808349,0.827380952380952,1.64223763336627,2.17351413839758
3,47,101,0.559666975023127,0.0120301755950928,0.222979792038573,0.61024661024661,1.09946620108501,3.2187971859662
3,44,91,0.557434813248767,0.270004606035415,0.202695382699794,0.575892857142857,0.944847278321663,2.94817835043111
144,31,384,0.108226732293297,1.65106265909346,0.433283718024328,0.0576225823275885,0.153507894427172,-0.283030981667566
18,10,50,0.440685237057786,2.13650916573028,1.40452384441812,0.443391430646333,1.26814292679303,0.558453325647244
28,5,77,0.50718045112782,3.60957079696644,2.28431381236001,0.547707231040564,1.22275862455943,0.585470805342586
7,222,507,0.229272582213759,0.189675585857718,-0.209733792674521,0.246626436768583,2.49194410096173,1.57181183697859
6,53,105,0.527890662796323,0.822441156116867,0.473753123954134,0.392433218091555,2.78535295330636,2.33857929301511
16,82,507,0.218328782195088,0.163352788161006,0.227058013563342,0.388624972910815,3.03233169207603,2.1394766812642
30,38,459,0.332316026693228,1.62410390346074,1.2686856751759,0.364764128568307,2.19089435812144,1.65671298142671
7,40,130,0.482152014652015,1.44320036921736,0.661256055646745,0.431270560493834,2.87128108343325,2.43943916787095
21,56,201,0.15717116638594,0.622176486562753,0.0526561790937506,0.354544507536805,4.06408845821715,1.92745000905234
43,84,512,0.0628628170272358,0.253664093303212,-0.235174091451932,0.256242094119185,3.50535918654864,1.25289077099223
6,78,250,0.517604617604618,0.668014688493915,0.753625118593191,0.277307271201738,-0.873916842828488,0.905152910198021
26,49,117,0.158837495759765,0.839734027444019,0.0145676474912819,0.124561383262288,0.867391088548316,0.095888071828162
23,69,385,0.143780283698868,0.334850663840377,-0.0139372253092717,0.298721285719381,2.95595104594501,1.39404323995277
22,18,106,0.156627572751685,0.461635218218783,0.121721764060784,0.340519497337679,1.59792181581919,0.742484113362826
8,6,19,0.330634920634921,0.427838508196009,0.344290557099685,0.253571428571429,-0.081635296491178,-0.214068016609093
8,15,32,0.226371882086168,0.400313340741756,-0.167182656664968,0.198012007833436,0.495028504002099,-0.0293301938426813
6,6,25,0.605555555555556,0.876840763529111,1.12849237534655,0.562222222222222,0.902951319857521,0.960462793922704
6,11,38,0.490909090909091,0.982763093377538,0.650781970540246,0.552323232323232,1.3972833263962,1.44901256960365
26,37,303,0.256784006977225,1.41302391415672,0.614873957057411,0.361090579434405,2.84292894258608,1.43396794407209
9,37,150,0.360169097669098,0.864768774114774,0.313913278134023,0.559398811111383,3.84782104175539,2.60342760888671
11,32,118,0.420785912116557,1.58359142856588,0.654261753298628,0.325571759211789,2.24293823891577,1.35995850993547
13,28,141,0.294223259104211,0.884390184241468,0.368986585277372,0.365413676262144,1.99552123832638,1.30791033210254
15,25,185,0.395460391460391,1.25597368800325,0.958662293853629,0.453653234352617,2.1261239171775,1.72708918519789
48,84,312,0.0795766072646035,0.578529266482778,-0.155483618149843,0.120377822548343,1.6017436812314,0.352861107420592
8,52,138,0.237630180277239,0.141617063660589,-0.143609839413257,0.365050572507407,2.59736146643842,1.61526642480481
23,22,51,0.0679777971794779,0.0389783399412236,-0.360074559371956,0.184199134199134,0.925397396528614,0.0870067710231315
17,56,123,0.119622505921207,0.286337866221411,-0.256919145717446,0.120230428453959,0.835796343510987,0.272843351691545
34,27,98,0.125603094867382,0.732420526945889,0.0122429172486437,0.182690468778034,1.05952758358375,0.126018013819462
20,25,76,0.160622287842876,0.631739042033728,-0.0278371947411324,0.217114935378745,1.15471253587748,0.301465316164661
14,9,22,0.0694444444444444,-0.179801135411769,-0.490833747193522,0.217032967032967,0.389341872806213,-0.141257208737405
20,597,2286,0.14932124237665,0.494896385517186,-0.0562603663022106,0.232275029122262,7.37081860266039,3.14382827514536
9,479,1241,0.261547760819256,0.464721105303925,-0.031590834526562,0.286291775303421,6.5441771738151,3.74947985976777
12,412,1129,0.192463035039748,0.409832570200397,-0.0429007781407043,0.16203431048206,2.41808814867755,1.28417173110381
3,11,22,0.527272727272727,0.205372823853465,0.146523659580004,0.462626262626263,-0.0320680217151046,0.802436068347419
3,10,22,0.614814814814815,0.463746048522912,0.411422544230797,0.566666666666667,0.304510524275741,1.21956590249778
18,10,52,0.360631030189854,1.91051377571483,0.882915379994528,0.36624649859944,1.32911306959689,0.355406177664656
19,10,59,0.34355703120409,1.77627599130848,0.849857761837693,0.364731272626009,1.33644398139713,0.39839527671768
10,10,32,0.418148148148148,1.43619233860435,0.618217783781182,0.332804232804233,1.23641910970014,0.289177359373091
9,15,50,0.350030234315949,0.879746413120087,0.29781696786037,0.311809795143128,1.05073520555309,0.608116561322798
19,10,59,0.34355703120409,1.77114084847568,0.821509812079668,0.364731272626009,1.32635252685676,0.39317846649879
4,25,50,0.505,0.632390902320896,0.248358920002578,0.342423952858735,0.630234901777711,0.998938545861706
10,17,59,0.357119514472456,1.07493467066122,0.448480593515382,0.274238909238909,0.946549437421616,0.626675083224935
15,81,679,0.429778767186175,0.997076152493053,1.14295298469648,0.548927441749662,4.64118498683902,3.86147314618369
7,19,55,0.373113338902813,0.793324833994696,0.180726300959449,0.404949116398696,1.78602213775055,1.2369136631083
3,216,439,0.607479184610968,0.727731511775271,0.337561923145049,0.548406797695705,2.83826600082044,6.39654052079844
3,188,374,0.614025107141503,0.792316839162641,0.347835809268451,0.529372802275406,2.22420119610415,5.75109582369264
29,71,435,0.0997317117012585,0.112433898037246,-0.137673720573996,0.230372351227565,2.00910702892472,0.82190172388521
30,71,558,0.135993287106705,0.400129360146064,0.0945264182449993,0.342934928982678,3.57227315047219,1.73942018308641
25,8,96,0.282642246292456,0.689644396110084,0.892090186289728,0.580134920634921,1.59910152290323,1.09955097735473
5,9,15,0.573611111111111,0.8866941308581,0.450298819562625,0.279166666666667,0.377116981135701,0.134251972399273
5,9,19,0.348611111111111,0.371520388037089,-0.0453837164256191,0.314404761904762,0.318209152706443,0.319858041520553
43,23,193,0.199651722980161,1.91252109843271,0.868655328467303,0.442055013519456,3.15438441054812,1.29086352435732
17,284,1424,0.229474657342096,0.786866845255724,0.275286402565695,0.317967809149512,6.44284871712465,3.74478091800734
6,261,651,0.350919049022497,0.575932217802459,0.0616132159631699,0.319082421566957,4.19191040386184,3.31856364440811
3,10,11,0.266666666666667,-0.133589273206827,-0.602126646008182,0.0476190476190476,-1.15098022746146,-0.83941012869985
3,14,16,0.294871794871795,-0.0945931671950518,-0.520442887114835,0.0703703703703704,-1.29757163571359,-0.873503279451993
4,36,45,0.246296296296296,-0.0431130899384342,-0.479362111707115,0.113441104893521,-0.949207247915968,-0.673475902369228
4,18,23,0.235838779956427,-0.0775977994738423,-0.498001209187043,0.125673400673401,-0.584147342985033,-0.416097198318917
4,17,22,0.226102941176471,-0.0948981391126437,-0.530402949602622,0.128703703703704,-0.615465636011053,-0.413276170282713
4,16,21,0.238194444444444,-0.0821601028667726,-0.483668740674237,0.141137566137566,-0.501077890213082,-0.349634470759965
4,15,20,0.235714285714286,-0.0977335707474654,-0.490813533650095,0.148941798941799,-0.497976676211134,-0.25989873385607
15,27,65,0.156354914474573,0.379901937456613,-0.19289026074247,0.154795274753258,0.72741331687098,0.170591418078314
7,61,280,0.4904033307312,0.297656061100117,0.771588903078858,0.593500038741934,2.42339159288456,3.56100828934302
7,78,280,0.338985617557046,0.158809657657696,0.216206828126601,0.476808500721008,2.82505328404945,2.78007400120327
7,10,32,0.287142857142857,-0.0494084728263962,0.0324944543241109,0.451020408163265,0.802762748492476,0.936153058017003
7,14,32,0.166169544740973,-0.0968280180155141,-0.39252352516055,0.324829931972789,0.830371450246602,0.588775737657312
7,120,229,0.296195478191277,0.555748450210718,-0.0730217659797539,0.233425204338539,2.67715402256007,1.64940605328352
7,130,229,0.275350540931936,0.478760138511316,-0.145075709279614,0.211673422584391,2.59554178105332,1.45161507858293
6,28,70,0.313932980599647,0.310366998106579,0.0143665676349629,0.290610845295056,0.655448361966626,0.676925450114234
6,12,31,0.243181818181818,-0.0597477134653421,-0.248710649751942,0.366190476190476,0.677601709470907,0.596662709212818
7,16,40,0.387916666666667,0.903298587592665,0.288503291911289,0.197120339977483,0.364430082602286,0.0935040106149818
16,45,223,0.239264425249274,0.811507007676312,0.319776575344354,0.318952444040794,2.4616366950516,1.48260490333973
8,38,141,0.40734776129513,0.910840416352015,0.541304601738784,0.400706961628147,1.92183134728064,1.84992022021981
15,28,74,0.166157754649818,0.464598424483457,-0.13443425721934,0.186514682018884,1.05270349721993,0.321793982959072
6,10,21,0.32962962962963,0.569438545390452,0.0066075491196116,0.227566137566138,0.446286368240221,0.0502211829132737
8,6,21,0.313888888888889,0.746098712512936,0.235238227131164,0.504761904761905,1.12604283169917,0.561723091651025
8,12,26,0.298538961038961,0.560988497887141,-0.043780191889744,0.227285611214183,0.46941152538774,0.155118184397776
30,5,97,0.605394736842105,3.4075545060002,2.78124487076123,0.556934865900383,0.950335325690643,0.678843532964563
24,14,65,0.091629982018998,0.0534890466852221,-0.194709576022108,0.264636530940879,0.942474709894531,0.276248365169287
21,14,80,0.154701646661892,0.30126263549442,0.065293058758691,0.279362502576788,0.927557172111166,0.3469780776805
45,17,145,0.0813902293160581,0.159879604861322,-0.0734045682772389,0.23857248531491,0.976531124505995,0.236996236865419
9,8,54,0.652891156462585,1.86722106228086,1.66271348946873,0.689417989417989,1.62087036654338,1.7289176006315
26,128,845,0.152205957850163,0.507873811196976,0.127452278114047,0.283997635806246,3.76648267876233,1.94761142134563
13,123,580,0.20720335945246,0.189493817714584,0.0536914547683706,0.3515340676925,3.32162397152276,2.22219717103781
13,75,265,0.157345326345326,0.170479198458434,-0.123667451687631,0.294459215887842,2.64176425266471,1.47504322810428
9,5,31,0.634920634920635,1.51057055512826,1.5382558451853,0.537037037037037,0.507976131677828,0.726949364179885
15,152,870,0.208325879080062,0.260755651522563,0.100310790818149,0.493465932224101,7.07930017836487,4.19760908640607
3,11,29,0.83030303030303,1.43312286952526,1.11938249200324,0.757575757575758,NA,2.30729140788716
3,11,27,0.709090909090909,0.481282695743548,0.711553725098056,0.684848484848485,0.436554750116904,1.80806036888435
6,26,38,0.352307692307692,0.564908997372278,-0.0269888190836448,0.128305761432696,0.290328955608149,0.035750000364705
5,8,11,0.18452380952381,-0.0447558263810241,-0.46035631681452,0.0666666666666667,-0.488153119184383,-0.587056563540536
6,25,34,0.167777777777778,-0.021042655483344,-0.420703691144629,0.0632506382506382,-0.65066221866882,-0.521107418336835
6,26,38,0.173076923076923,-0.0128804151456554,-0.40903798820969,0.0693898693898694,-0.704731085504421,-0.547811519666494
6,26,42,0.194205128205128,0.010786778975368,-0.353663699527408,0.102771514977397,-0.542100117211053,-0.372010555087971
6,27,46,0.194729344729345,-0.00744568593009107,-0.361009859036651,0.149349261849262,-0.20125970364007,-0.141438081554958
6,28,51,0.199470899470899,-0.00880724970328889,-0.332008624577101,0.154957836281366,-0.264967176102772,-0.150682468428415
6,29,52,0.190188834154351,-0.0283202751630606,-0.35773821400779,0.151132418779478,-0.283985269506841,-0.186707775587589
6,30,51,0.184291187739464,-0.013199655125363,-0.392099936490548,0.124767351384998,-0.449855701570588,-0.30495743962884
6,27,54,0.239553656220323,0.0701765481272953,-0.157426556602942,0.1597737883032,-0.320960693477376,-0.126669195632053
6,30,57,0.22360153256705,0.0580230524696504,-0.235088317691144,0.149449160691589,-0.368672765444396,-0.206154212069686
6,31,61,0.248494623655914,0.112896475039341,-0.155823413352328,0.151907373099324,-0.415482385564049,-0.167651423135189
6,33,66,0.248989898989899,0.125593678499523,-0.17472305341339,0.172303927162544,-0.198634447067971,-0.0332428499546209
6,34,69,0.237314319667261,0.0817295418238126,-0.209623443663697,0.190003440125215,-0.026293878810584,0.0423402558579528
6,35,70,0.232408963585434,0.0844458131066971,-0.24487297274299,0.18865845242935,-0.0307689739076886,0.0328360272553236
6,37,71,0.221196196196196,0.0566508073964286,-0.290474343483173,0.195941731090136,0.101340941009212,0.156378249001701
6,39,73,0.211988304093567,0.0397607817082175,-0.308316257548545,0.188683796625444,0.0804529267672227,0.0789878288071478
6,41,76,0.215487804878049,0.0532129264322162,-0.300749794789372,0.18873488292201,0.125438019016569,0.0832421344052947
6,41,79,0.230711382113821,0.0890862881538472,-0.261701811446123,0.206136552106288,0.276948899121973,0.232948609874033
6,35,75,0.232745098039216,0.0499777393238777,-0.261238918897372,0.258496260457045,0.558764471306765,0.526351371407301
6,33,70,0.255618686868687,0.146925920701128,-0.186412897232807,0.226701111132843,0.310320646040092,0.359273719402684
6,23,29,0.16501976284585,-0.0275300198774953,-0.450272720838125,0.0505555555555556,-0.605495422934544,-0.522216060387487
6,250,536,0.23688781793842,0.0938319305202562,-0.270072227784747,0.302637554957242,3.12329546872415,2.21140772432423
6,39,50,0.229194781826361,0.21529604039759,-0.318625560137979,0.0456208167477517,-0.743684841200364,-0.641742606518299
6,62,94,0.223514895117222,0.187426349956699,-0.308972927281662,0.106289734068301,-0.232596806833324,-0.256399680933754
6,76,128,0.213842105263158,0.13295043344764,-0.340484591196988,0.167242399403555,0.417946014255846,0.148391383412798
6,112,201,0.227541827541828,0.143824083983673,-0.300592299272331,0.187047482298106,0.62089867211999,0.325752331640756
6,134,256,0.230870085661916,0.141943526250466,-0.280357092002248,0.215162048722245,1.00971057506105,0.641013970768042
6,154,308,0.229285855756444,0.125881081985238,-0.292609117615977,0.254447167128081,1.813603382842,1.21156203033775
6,190,377,0.228361644852873,0.121165722518298,-0.301006247315126,0.251220317299622,1.93948248499809,1.25184013344537
6,217,432,0.227467713489219,0.11384745042439,-0.300574434254556,0.262338157507294,2.29528915826377,1.44591192860041
6,232,470,0.227922699905459,0.106369823511007,-0.301161545094035,0.267609489379023,2.40396826962637,1.62584524473943
5,119,365,0.506677586288753,0.680439096197345,0.503256271561088,0.549933948388392,3.67227402340144,4.76389889688001
9,17,66,0.346597805788982,0.891404672201006,0.385305712264294,0.456228185394852,1.88642707384298,1.43312655644378
22,12,121,0.319410708791162,1.05192792996177,0.96002480114739,0.485936982690229,1.65334274285502,1.14706360955998
22,40,456,0.455232292514979,1.90001339441128,1.77627322603868,0.488016088362053,2.80282546084529,2.58448601286817
17,26,205,0.370037805331923,1.43281254491269,1.0355418956781,0.526006750232648,2.98241762685794,2.2095440477334
6,23,106,0.62931488801054,0.19075519256455,1.16069733394536,0.671946797164188,1.05987476275719,2.59082213121166
16,5,33,0.197007575757576,-0.155174457197021,0.0927950504839371,0.386527777777778,0.40480064955714,0.137805693495479
17,5,43,0.314343744490803,0.152367655962195,0.57429088936243,0.425857843137255,0.370085421281357,0.288771920970637
9,18,64,0.307072829131653,0.614541817057758,0.150540551887044,0.356798063048063,1.4783846800781,0.896006816062544
8,40,84,0.531474358974359,1.61126377776266,0.612790136424926,0.261476910584053,2.49875342387724,1.4061850485312
102,39,1503,0.253124538599156,1.92456368757166,1.86184286072767,0.39713014749992,2.71399387925761,1.69857084940607
4,38,78,0.374585111427217,0.167044461411832,-0.112965355676427,0.41550764050764,1.09617985945153,1.47920527612784
5,38,86,0.341370317686107,0.305212680326207,-0.0703078801258642,0.354436560171854,1.26524692834608,1.21120396080743
15,23,208,0.468159596222837,0.835395470809631,1.27800959165856,0.531731404498985,1.49001932735188,1.96877286219532
7,9,28,0.334722222222222,0.246519396960539,0.192795258816243,0.28994708994709,0.231596380919436,0.178767761396221
6,102,287,0.312935999482301,0.110329500645984,0.0188594788155228,0.401842244392783,2.19006561351604,2.40570330060478
5,3,8,0.2,-0.740953188742026,-0.313103339925778,0.566666666666667,0.559644449905816,0.229180259358949
25,13,92,0.182885116259729,0.605174941218626,0.313616678296771,0.410294612794613,1.61170342454085,0.866759723884243
48,78,237,0.0697320760742742,0.526032720391363,-0.205728580307601,0.146163829585744,1.95876274329814,0.346292470489064
19,16,130,0.295418537860488,0.733055639174988,0.748341724201836,0.420778831305147,1.46466636933487,1.16023256556877
19,14,139,0.409829494777442,1.03983053360881,1.29851595211549,0.479345281099667,1.34633314298666,1.31011610134066
14,19,145,0.517204757555635,1.46399211843527,1.47011666683053,0.415756649290144,0.9361189228274,1.32977246334867
19,15,170,0.427697888299392,0.765649928981693,1.32338323414961,0.584003131371552,1.64303830433254,1.80352096771409
13,11,77,0.324390760754397,0.0891797789787229,0.549256183995641,0.547559385059385,1.31553829966315,1.32429310504077
57,14,210,0.161373988303076,0.840261306533737,0.712565825929361,0.384875744556196,1.61414137674744,0.790640667091206
15,13,74,0.211413372951834,0.155613260457042,0.146635021570876,0.408002130144987,1.31396803721504,0.905524325921491
12,6,36,0.30959595959596,0.358062429236292,0.589785141344913,0.551515151515152,1.11559774042032,0.808364891764702
30,35,303,0.168311039922903,0.385928598083473,0.228237375179347,0.255753882030491,1.25245783753002,0.730056023251155
4,683,1161,0.45314751921043,0.540162397116807,0.0817905436388664,0.230195637370556,0.173171588148681,1.77501907091696
56,39,882,0.279429749887936,1.7111964196228,1.50417717666999,0.435302709704697,3.06884248937064,1.95358984958056
9,6,16,0.251851851851852,0.492624502220109,-0.000605585851744073,0.434259259259259,0.905525386917955,0.226202332728144
14,32,132,0.376940812323877,1.63911680487627,0.680798334507134,0.309351286592041,2.41059858275848,1.30111198228591
6,35,79,0.283305322128852,0.391843881253907,-0.171637245046537,0.332691248915505,1.79569931837934,1.29172565028557
6,263,454,0.225515920239166,0.156758484708719,-0.337153117664548,0.279250567698239,4.36063017384949,2.64311304755848
6,400,625,0.217105889724311,0.147820921745396,-0.342603458139487,0.178428703968387,2.25179492284071,1.20526340782712
8,36,83,0.273469387755102,0.538694319257733,-0.0954863621543135,0.283470882415667,1.60953060602246,0.963361146924285
6,66,84,0.238547008547009,0.179504349600057,-0.298689818396864,0.107064225096806,0.0827161040532072,0.0189971542194398
7,38,89,0.252214996951839,0.385417702230156,-0.180142546524941,0.253177368051247,1.28275463379699,0.83802150256313
7,63,129,0.229486991929388,0.291101983756004,-0.215962532964888,0.187672380551171,0.984575817889266,0.594115868120101
19,22,247,0.413668361189068,0.849948016466064,1.35311883061794,0.65432321467029,2.68163657717018,2.5221393042318
14,18,119,0.307940189802935,0.360820053929402,0.589564745121054,0.440249503064629,1.33986845471857,1.28480307247899
12,46,288,0.389429596168727,0.917492226215287,0.771875064016293,0.542562360873326,3.52913023168275,2.93037260674701
12,49,306,0.372945931619401,0.871849716908492,0.676923749632576,0.553534438411474,3.80056093361662,3.07095059609508
21,48,245,0.232856896137168,1.2718642303977,0.339204396785712,0.223361940162519,1.95542215217649,0.864293815767952
9,6,35,0.420899470899471,-0.0286867931523104,0.741142291929862,0.625,0.867760996548286,1.12265673177076
6,48,175,0.41548463356974,0.00636279027613392,0.364465944063636,0.542059261273658,1.76837931564821,2.60336944730936
7,55,96,0.550420073753407,1.33366737484511,0.558594913744287,0.220723128380556,1.67376759476537,1.50742639807951
17,24,119,0.203847376929218,0.487885048115032,0.0716727683086749,0.453913139322787,2.86860559753602,1.45104991878195
9,12,26,0.59042809042809,1.89162229827998,0.840856481163965,0.360185185185185,1.68737829075903,0.430131181664995
9,8,25,0.239583333333333,0.255000921431588,-0.0220393218823942,0.383796296296296,0.982841292705102,0.340160399515008
6,13,19,0.239316239316239,0.188256203112646,-0.298597578664192,0.092965367965368,-0.230032224969863,-0.440803856623262
9,10,31,0.33805114638448,0.882323587823006,0.347500691386013,0.332473544973545,1.00196242183707,0.454004166404733
15,198,732,0.315160011756689,1.41576594992532,0.447915694288224,0.215406580748538,4.08522231544867,2.39666306104861
15,152,598,0.352530375012076,1.61666463184123,0.580963727266103,0.229790024277465,3.79485541518084,2.31563452038606
5,9,23,0.503240740740741,1.19071862292636,0.503331925451273,0.450793650793651,1.57785205307721,0.907005391972934
5,151,385,0.48257689477557,0.861736718131135,0.352844407863061,0.466140566373305,4.85186537920345,4.52499268329264
5,23,54,0.296113306982872,0.0274320479085702,-0.161276816122358,0.417022111875053,1.20250363486006,1.21081277290967
5,7,21,0.471428571428571,0.505141359371363,0.50591752820963,0.476666666666667,0.738109311697841,0.767604972577759
5,190,483,0.454472291840713,0.730855426465882,0.282643794230976,0.458308693765664,4.95943071628274,4.66142237931005
12,28,74,0.18314961787184,0.483808029894944,-0.131483600067724,0.283156188236402,2.04631045740024,0.966999559040734
3,5,7,0.383333333333333,0.193519315808293,-0.297699388852787,0.15,-0.520468198941918,-0.438172512511051
3,66,126,0.49005439005439,0.0907922967911184,0.00212667490129831,0.476703096539162,0.353566996019529,2.33524815314893
3,4,9,0.5,-1.41509716980849,0.289350618047784,0.666666666666667,0.192589540827781,1.00187856456031
3,78,146,0.466366966366966,0.0186424597942459,-0.0548217771855189,0.454112958881542,0.0527113551241148,2.15466231726611
8,8,29,0.324192176870748,0.370930581234986,0.360517261754561,0.363818027210884,0.560337083424394,0.439623802763777
12,78,577,0.529624716313028,1.21916997911326,1.38349895173211,0.520630831033286,2.9190717228371,3.62392559117568
7,51,253,0.569581699346405,0.584692740152501,1.02602543874799,0.656016074711666,3.28713762806431,3.93183496707538
16,61,229,0.295716842356187,1.45151391546822,0.398343935876969,0.259616545407954,3.04585281085789,1.64653998830218
18,70,263,0.0949322792189069,0.0405895826788747,-0.321536458536257,0.253384468675434,2.31266544480036,0.917126273208378
19,82,730,0.47243382085007,2.25811486391697,1.60659781235778,0.448314421613002,4.05445542317598,3.67001289125147
19,82,525,0.363528830716947,1.70665666653678,0.915502645001379,0.354847438530085,3.80758621309944,2.84078968800982
10,8,24,0.221031746031746,0.429744856300592,-0.0428327212160406,0.356772486772487,0.89039419622582,0.239057293231007
13,16,80,0.220739445739446,0.181333012738264,0.0732704920697129,0.354445981369058,1.04275567810801,0.776054892039994
9,11,44,0.277085137085137,0.128565951520898,0.16307602167183,0.372795414462081,0.598562926763484,0.640858612213842
5,9,19,0.334722222222222,0.284714322163629,-0.0477860563788899,0.335714285714286,0.415599333136043,0.412672788804232
9,35,124,0.346026410564226,0.810172135140158,0.257927165448341,0.453272879584404,3.00489095411642,1.93102733640952
49,14,162,0.0826101440963105,-0.101222785314535,-0.181002105055581,0.292745451355145,1.07930756306879,0.353020266439987
52,14,170,0.0853640329462335,-0.0978151718904558,-0.119320480751041,0.27531572458043,0.967364517365629,0.324684526548162
3,5,8,0.266666666666667,-0.350062841288774,-0.514429046132952,0.333333333333333,-0.27296000610898,0.0531393917054674
28,26,178,0.262432041818801,1.72970117984933,0.810126367611776,0.294781962556239,1.95099122291344,0.828008781091098
28,26,178,0.262432041818801,1.7192189891181,0.798050505193562,0.294781962556239,1.94187567982562,0.844339009763674
22,116,627,0.133965707005658,0.255840894414954,-0.0617054436358036,0.269643299823861,3.21469132081437,1.52016892953227
150,21,1114,0.201029765542725,1.3371453840736,1.42477498206231,0.389712174659865,1.85499202599725,1.03164973298062
36,18,317,0.286235866605745,0.337121766328083,0.931015429733301,0.509824525122144,1.81095139592661,1.4389544056603
31,19,289,0.311560570080553,0.387846065289468,1.02013586506848,0.43546534883347,1.18610742288427,1.25476836188739
83,19,508,0.19192479176058,1.39429675309235,1.09776091977485,0.39904069507728,2.0400625714609,1.0027199074981
31,57,452,0.27454871050613,2.01589480147222,0.979259667126286,0.265030893025516,2.57466378407417,1.34855649225326
22,53,380,0.349440401834362,1.97388898348616,1.17718054561557,0.349042719647907,3.13623344502784,1.9362803506937
9,31,72,0.322439836149514,0.855818419958208,0.217686336010493,0.149131652358777,0.366422608388134,0.235531643560291
6,155,426,0.346001955034213,0.466683715981252,0.0793397358249261,0.414739882115059,4.28111665797352,3.47768363685624
6,38,117,0.384518729255571,0.340243491436945,0.188517593845348,0.490094800151066,2.1199384582675,2.14994115654127
34,25,271,0.154811241351748,0.150735951489451,0.242613841824566,0.352106419063713,1.67069906803316,0.977913022552828
13,87,189,0.174716674516193,0.480744541787562,-0.101308920921378,0.0955717619730052,0.414536231356112,0.197175767081952
11,15,32,0.33312925170068,0.93064789185213,0.0990250335154125,0.287245179063361,1.28898809501351,0.406289688791389
16,178,1663,0.481880764269833,1.50585233245476,1.53176483964337,0.571184541928451,6.59119027955061,6.4762288373999
4,29,66,0.507799671592775,0.771733495663896,0.286929060040198,0.490763946904298,1.7314791104263,1.99271368442423
17,24,67,0.19564954617704,0.744586632758324,0.0119238248519378,0.16292620957954,0.714464848639044,0.148358942921188
24,10,96,0.29948823507647,1.13252676715472,0.871947908365158,0.377616747181965,0.931992097670233,0.627267515184678
7,29,95,0.48082336382829,1.18632075191125,0.568722763778922,0.546817671419236,4.3050302188997,2.38469837359151
7,32,101,0.475312019969278,1.28776023795624,0.579494597547739,0.514210773562277,4.32551835803048,2.43158149084505
49,147,566,0.282456329021318,2.98784490055669,0.754017534241439,0.209643713369621,4.65175881623849,1.87100271686317
62,43,233,0.259715089363078,3.24685947490944,1.01540486376367,0.161956819819319,1.45883586555544,0.26427187418735
93,40,498,0.144383218186482,2.18602212313307,0.797959823617905,0.166156946634839,1.45767654968968,0.310887166322284
11,8,51,0.38192254174397,0.072138205730439,0.647032304965177,0.513160173160173,0.743590442296129,0.967090210833191
3,6,11,0.488888888888889,0.140193726428984,0.067858488806119,0.388888888888889,-0.347772508777921,0.41281501315043
41,30,432,0.248220291199476,1.3534857295045,1.10572228611165,0.374201298217129,2.15228185529459,1.35646527803162
22,16,134,0.209387643624292,0.559519092877558,0.305308006532175,0.438875386277984,1.91379130968985,1.02804494541173
22,17,136,0.200414765788502,0.531382020659961,0.269282559114565,0.413938838938839,1.85023571150814,1.0023666947878
8,205,670,0.230243959372367,0.0238371054316937,-0.144392903522304,0.428849743812907,5.26667429543648,3.73939405193333
8,174,590,0.241563287995419,0.0240077924357098,-0.107951765367264,0.445019149176479,5.04155386616281,3.61918011156948
8,125,460,0.271660675883257,0.0319352872990973,0.0171331302957829,0.454751445674794,3.91150630835614,3.17304912487762
8,148,558,0.278081470683511,0.0234569489776596,0.0280821932148091,0.476378294378186,4.46282127572423,3.73608935491198
5,133,335,0.322345636819321,0.00666642834245646,-0.102465712314768,0.445970536869802,2.78920407968183,3.10701551929567
5,85,228,0.363001867413632,0.0798360884439075,0.0348694370240842,0.455193493929096,2.0203962688516,2.55956298064426
5,109,307,0.378596103749009,0.0291137708936855,0.0856303688899544,0.495110540736532,2.50452322565829,3.38092332546573
28,26,275,0.394775948724162,2.49291134520112,1.74622292528083,0.406097296129001,2.62911734677401,1.64189919904566
5,38,87,0.572641062114746,1.22829878871686,0.548286166476902,0.284969159090441,1.4357545158309,1.23198947015171
7,24,65,0.538164251207729,1.57494611063888,0.632249783503484,0.187102860467859,0.66636954918555,0.173805011271713
21,47,124,0.14525724814809,0.605793500770173,0.006174172835444,0.069461616021534,0.293366582333105,-0.143464873751485
4,54,151,0.564640111809923,0.575072475782203,0.502398555912413,0.651636690925385,2.78896818700873,4.06164263902794
4,31,102,0.704659498207885,0.456897986807989,0.992762596252268,0.758576480990274,1.68427044398056,3.84516575248674
8,182,850,0.370629692591019,-0.00701314465921167,0.366101626110628,0.650279095713994,7.79491344638459,6.95478756471342
4,180,467,0.465740740740741,0.00281767400253885,0.183993545560597,0.586959957239802,3.69093845084546,5.86350842890551
18,50,201,0.221973661592509,1.02938181537236,0.252057355289687,0.280731864412609,2.7601541264121,1.41537479617456
4,29,49,0.457307060755337,0.586220024508692,0.0822134097209752,0.258248695748696,0.423923821808447,0.636818700832282
7,11,27,0.438181818181818,1.09426311956541,0.338032989820999,0.204287775716347,0.520835897073635,-0.0970553471404764
10,21,57,0.360633030990174,1.24740095753318,0.327204842824029,0.164010505414014,0.651891003759815,0.0147572850705629
34,45,414,0.219729384563651,1.5648539927793,0.728192987530041,0.335016564329676,3.12530749355381,1.71282650825042
11,11,42,0.242300275482094,0.529331819252333,0.109325707757526,0.34546176046176,1.01878265161177,0.492081921483677
13,12,68,0.367600244872972,0.884598921734243,0.671808021367099,0.300396825396825,0.560752803474279,0.365697352530138
45,14,126,0.116525242838887,0.499446423953159,0.0651772462762844,0.304742737621525,1.21185652504698,0.405597625342728
48,14,129,0.115347234947311,0.639462048123078,0.100997823354597,0.277965700572084,1.07071332168069,0.300233005283961
12,102,319,0.151369289590023,0.10155938631327,-0.184440976738466,0.210753268466846,1.3851112046242,0.701521688943152
13,59,216,0.199784119056474,0.320160421620439,-0.0294359714614615,0.219132372217617,1.27196283870585,0.708991788818508
29,15,73,0.071270477189078,0.0332885828268634,-0.26180875364248,0.207281648291501,0.698799862211646,0.0705279945843748
140,27,460,0.0458666249698562,0.211247641733691,-0.15314545371579,0.174864895866951,1.01319869425718,0.250256828371072
202,29,654,0.0402033892143936,0.131316330719417,-0.117963152536536,0.147352224151397,0.843117546438178,0.165292492031146
21,14,85,0.157944856264184,0.345048504181424,-0.00437710222515575,0.292536590393733,1.00968441712918,0.353859247777702
38,104,835,0.0855204073776247,0.14782996015253,-0.0998952522340327,0.324381074702932,4.32835887399542,1.74544736232982
9,38,240,0.569159384948859,0.38157318746293,1.28020697287659,0.559990172101649,0.571680652430387,2.64910940510221
4,38,123,0.711000474158369,0.563198385204979,1.00826627514114,0.689144886513308,0.761248526892252,3.62524260988714
16,21,133,0.267189212903499,0.109342475899517,0.429219395313035,0.222921026807443,-0.17311740236376,0.295391574072399
18,37,269,0.261546332379666,0.0521250351416881,0.466015027536288,0.243662051452353,-0.0952317562291098,0.489716700970409
18,41,302,0.262845120665243,0.0198857922788294,0.465456194702572,0.246094794899668,-0.132532709469434,0.489178452414753
12,40,148,0.191575646575647,0.0295150157303675,0.100036146412174,0.185925268592024,0.0194148772162366,0.218549021118015
6,12,24,0.4,0.863952057574002,0.163506827434785,0.138730158730159,0.0620681120989957,-0.344937541144592
3,11,16,0.593939393939394,0.850627857784703,0.206364219320459,0.324242424242424,0.429787234931629,0.559633321567873
4,61,190,0.715209471766849,0.853542304862602,1.02651718513888,0.625688193261788,0.704575839709922,4.12083994133436
4,20,44,0.532456140350877,0.803755245193972,0.314228796529179,0.43625730994152,1.20366058664637,1.3192196458399
4,9,20,0.458333333333333,0.412734204109041,0.150245582814091,0.402116402116402,0.325097392328733,0.665716810566095
4,16,21,0.30625,0.130909432479953,-0.323689431317368,0.180144392644393,-0.0838818506631081,0.00830450378638398
10,31,100,0.33347499573306,1.01699612139754,0.32675380148895,0.316593611761844,1.91560304996683,1.30044731504844
55,15,301,0.148709052695985,0.196335208349087,0.512150604192589,0.592369364642092,2.77371782079679,1.48149750619154
7,15,61,0.42421768707483,0.730135070302495,0.470461662912239,0.632909022194736,2.02817368547692,1.98568464189549
55,20,122,0.0441607326960513,-0.119967684816696,-0.17783045881551,0.117498797498797,0.319608557757175,0.0190048590423079
7,20,29,0.139473684210526,-0.046492387117833,-0.397865769831487,0.0612244897959184,-0.483845770175134,-0.407309689980333
55,35,423,0.076420058247244,0.0283821290266903,0.0186943971449966,0.404082576113176,3.17149695651543,1.39168566563122
7,35,90,0.220968387354942,0.120206817262625,-0.222061852941113,0.385660291393374,2.08814105266887,1.49428792676936
3,72,126,0.648278560250391,1.04599779143506,0.399661054826859,0.41333587108235,1.82034943400843,2.6204695330258
3,74,128,0.637911884487227,1.00133340932432,0.372159808143627,0.403390232337601,1.79994935495609,2.75577209766644
19,211,718,0.152541527413292,0.473145767108352,-0.0747815504464686,0.36483643439683,8.45240528857765,3.73553054765989
18,51,114,0.160380800027859,0.568660923704408,-0.127118763595197,0.149217787469157,1.34551843352087,0.526902473002971
14,112,1006,0.453160728607157,0.51195498353339,1.17051855080609,0.708064926788643,6.63180306865943,6.27322332558276
11,61,331,0.335888944085665,0.268228946273455,0.546798224613301,0.433039591836038,2.03216919079692,2.22960319004817
9,23,133,0.507238534412447,0.822879638684851,1.10967622537704,0.588674693899152,1.88311625273914,2.2637692039097
10,23,133,0.443759018759019,0.636706797636732,0.844019137624656,0.482078526335492,1.30462589678949,1.66190216824197
12,102,527,0.396923459852988,1.35864238440944,0.734484185008598,0.365107169009916,3.86408594136287,2.94949166945303
10,84,369,0.332318503037092,0.607013508171908,0.411139244205705,0.357608978758738,2.33631221173654,2.0728897763762
10,6,48,0.714285714285714,0.919051070659168,2.023293452153,0.691851851851852,0.676871213905322,1.38124436038817
10,30,136,0.252432037949279,0.158116014076138,0.0325295477385251,0.546472676520238,3.07241423387677,2.14878660937195
