"n","S","Tot.abu","CA_rho","CA_cov","CA_cov_hell","CA_cor","CA_cor_hell","CA_bray","CA_hell","CA_ruz","CA_chi","CA_ratio","CA_cor_hell_Z","CA_hell_Z","CA_rho_Z","CA_bray_Z","CA_ruz_Z","CA_chi_Z"
17,71,12735,0.0889800838767615,120.817108533554,0.00368880724498166,0.0801234939857412,0.0889734550929187,0.918663015327492,1.18697212749259,0.950239189152379,5.15964560226395,5.46961325966851,-12.7715319121188,3.57531268822724,-6.41041167239484,1.74088742933647,1.48518717253842,6.3320058307042
12,25,2049,-0.0229022575467869,-4.08315656565657,-0.00127140132966015,-0.0176017542371511,-0.0150936369889419,0.846548023243815,1.14600297980569,0.90509871782779,2.75832689561982,0.743218806509946,-0.644726625065966,7.45895541511171,-0.673981154587571,4.41989684880689,3.45363098812355,10.9038548241317
51,9,335,0.083813280487219,-0.00717864923747277,0.00126735933790809,0.0939221615392215,0.0822145255078551,0.845687565193514,1.17734877534165,0.892961706648489,3.9006931669772,1.53181818181818,-0.218749970191561,0.207018533876601,-0.173280354843118,0.214426219067471,0.110731216940976,-0.0904363495501592
25,4,132,0.0644293810436361,-0.0147222222222222,0.0019241532214652,0.058734646284594,0.0600852521339081,0.758030197346635,1.03112940822628,0.851105486327449,1.92240695733515,1.26404494382022,-0.228420980428257,-0.40679951889891,-0.284888705177429,-0.449648270176937,-0.561967537771549,-0.773797989570335
29,6,188,0.181533134196364,-0.093431855500821,0.00635403281454297,0.185484589199509,0.179803851007445,0.784529688473013,1.01649417633542,0.847654335865528,2.59898595355183,1.57239057239057,0.283160313473597,0.27079625821252,0.243042878756729,0.66663338750863,0.577153908650389,0.327374777490925
14,12,78,0.0374623670748471,-0.000915750915750915,0.00278804988805608,0.0422669405126011,0.03380284584324,0.887747622216209,1.24227811574901,0.91668929223969,3.53136667247098,0.916955017301038,-0.719950350532135,0.889809889455454,-1.39439558772375,0.887611507745225,0.797954410438887,1.08222010677927
11,65,1566,0.0164671553706586,0.397670454545455,0.0013888097373949,0.0141109926742848,0.017921408519566,0.9335755405895,1.24750725659518,0.955971666894054,3.918887918224,1.97627737226277,-2.74080290053067,1.85426624251223,-2.5440057257734,1.5335030445079,1.28694615384319,3.45677384624945
24,61,16073,0.0594817808898269,40.3571632216679,0.00211259778336794,0.05566239584249,0.0600855431588344,0.936606435058513,1.22810414022615,0.960947603864788,5.66149846868217,3.74717832957111,-8.83758526832116,3.01341789013271,-6.62480736751158,1.60066100408844,1.35456279007313,5.98653713652826
4,40,4924,-0.0121053570079391,92.5205128205128,-0.00173839887810464,-0.011929615360376,-0.0127117614393275,0.818939973264744,0.835224265321627,0.878323416815495,1.52962695225196,0.0540540540540541,-5.17725218922674,2.63909738750042,-3.04642824981331,0.956300990725048,0.80182048739119,2.82494815854651
3,34,1968,-0.0193690292402575,-18.2332144979204,-0.00452364925818343,-0.0135662624285085,-0.0168625168245259,0.780312128242622,0.79910626582819,0.852719076804706,1.29810601522785,0.0555555555555556,-1.52566433681584,2.69362127755646,-1.31691377586099,1.14062921861796,0.932951929804194,2.61938357731596
12,102,550,0.288948403129889,0.151932840342858,0.0226189223809416,0.281869617408504,0.285257187509986,0.754819298348086,1.00092955853041,0.807868332841027,3.57919577882787,27.8150991682662,-2.55826417290057,0.0333287026516784,-2.58935797657183,0.289333037147439,0.208870603305098,1.19752412389088
31,9,1189,0.412331532710602,34.0833930704898,0.00947164640191474,0.316984345126973,0.403436951973733,0.745764545117243,0.922116668333569,0.846384738267558,1.95332198009066,3.32596685082873,-8.74477379003716,7.03607536264493,-3.82594603602328,3.65311633026351,2.97755148591983,6.33674933808885
5,13,1660,-0.0248047973868289,-19.375,0.00329830067512996,0.0575580735415037,0.0359843448492743,0.828888516181974,1.02342905552515,0.891043014568496,2.55024179494913,0.485714285714286,-18.7305550936384,9.45144080619782,-5.73870764701597,4.80775302176727,3.64438550977111,14.104848020445
5,15,4195,0.186263184093529,960.187619047619,0.0124714750558993,0.0668877308051374,0.138975824682906,0.825213432209273,0.939375725595806,0.887649295165763,3.06344117986347,3.27272727272727,-28.5500853990706,13.9007085707182,-5.2075917806535,5.24272355316763,3.86237183953026,18.6998913458578
5,9,309,0.23774509140657,8.0875,0.0239987134874875,0.146762351712401,0.255747945286441,0.695276079082945,0.851456307334566,0.803525012092374,1.50289659202822,4.19047619047619,-1.81017437556419,4.74006469574727,-1.10461339286373,2.73961837792744,2.03679928171161,4.34279292865779
4,4,192,-0.170272836892631,-50.5416666666667,-0.00824114244933902,-0.13336445066318,-0.0734981718018302,0.662462743859096,0.848356539578884,0.770286873697345,1.64446342464602,1.22222222222222,-5.17995675438573,7.45358255483206,-3.29132377571581,2.96287331271221,2.49502698937726,7.98202181792866
4,3,281,-0.0738790071185946,12.1666666666667,0.00414579244673702,-0.0949918435894572,-0.0247514606505373,0.613011792412822,0.470351181244362,0.754234889718561,1.15204309829775,NA,-9.0640441594734,5.03443490048245,-2.75196478851231,1.32684955566391,1.12097834259296,6.8806166556277
51,41,644,0.229492310827952,0.281234337637494,0.00443589057872175,0.268230108374222,0.260526220221106,0.819904277058375,1.14045757182862,0.890328261989578,4.17002636238822,9.37105549510337,-0.111824953705994,0.303614584292166,-0.037290961439049,0.309186627600096,0.306629504021748,0.355774305396159
9,23,1990,0.0577725003940318,3.26119894598156,0.00896341834489042,0.0560114891772376,0.0664919492033981,0.862750478009251,1.05312338921573,0.91368140786714,3.22163745382665,3.94495412844037,-3.10792997565198,2.57618829385549,-3.2031574441712,1.5918176167098,1.38382125708616,4.34683036266083
15,22,318,0.020271731938319,0.310554524840239,0.00146758466371167,0.027290499591891,0.0291740442836014,0.873374224305682,1.21182478474801,0.92336194625794,3.54762319363789,1.81194029850746,-1.55241442976107,0.835381259370077,-1.07869929421558,0.709741853050213,0.639689337992647,1.05047588976601
15,31,314,0.0419079803031303,0.0707834101382488,0.00189737499379006,0.034908183161614,0.0421565087626607,0.863516566600913,1.21263981867086,0.914885741508484,3.63596730158843,2.62393162393162,-0.847080946662638,0.618066895656423,-0.730059933194053,0.564055263855909,0.517846374649442,0.965274920176012
3,21,187,0.135668481222698,-0.0547619047619048,0.0529395003764992,0.122675758959067,0.123276676749717,0.664925498652301,0.719105728521201,0.761948494166548,1.17301642738971,6.2,-1.38099357303598,0.574188059866394,-1.37730348890361,0.554940114247984,0.526902720582697,0.682732819472142
8,25,643,0.0745997681460349,0.170714285714286,0.0122345731073607,0.1122149979276,0.102188142032514,0.799567098516867,1.00957299122686,0.868752189287777,2.22271100523476,3.53218884120172,-1.08836494552126,0.690418048578021,-1.03051643861482,0.64913493465628,0.57627891964133,1.18673566537385
15,17,172,0.00930579567098132,0.00122549019607843,0.000587361416954928,0.00937199170740708,0.00947220032694126,0.900896756180036,1.25267973167378,0.94013575134596,4.14103559028098,1.11244979919679,-1.40449272092231,0.804501266903731,-1.74323613497115,0.793941226903106,0.684843813778777,1.35753510435979
15,17,163,0.0422463466240388,0.0537114845938375,0.00238359405118061,0.0540502263486555,0.0482760661292815,0.87301863165945,1.2171137634169,0.923327578822315,3.43516313723766,1.5729537366548,-0.84296646812697,0.628142694997219,-0.567749304472099,0.640376954038439,0.623747427228523,0.869716913529027
15,17,754,0.0569444953454697,-1.0187675070028,0.00408138838678115,0.0821739204542995,0.071225939648135,0.906486061202104,1.19579081270925,0.939011387628775,3.32741989434856,1.35636363636364,-5.44644164234926,1.74174288008658,-5.06623507118916,1.13561167513477,1.01462769531905,1.73537279019185
17,16,6369,0.187484872882411,245.838817401961,0.00704805084668623,0.177685712779796,0.200472121925962,0.871778276762062,1.0167752607391,0.925404659231486,2.63576546859806,2.30287206266319,-11.6805845591802,6.66072377364205,-6.10475175304219,2.31832672573967,1.9216879070842,8.75816290553282
14,8,1165,0.237593678918164,61.3175039246468,0.00803401395111734,0.1071058568581,0.171191369741764,0.878282637374113,1.11767676142765,0.92977563374693,3.62325147558667,2.38396624472574,-12.4020384916167,7.98328688877666,-5.86946974604324,3.57584174846757,2.85710725236055,9.39256707338237
17,71,12735,0.0889800838767615,120.817108533554,0.00368880724498166,0.0801234939857412,0.0889734550929187,0.918663015327492,1.18697212749259,0.950239189152379,5.15964560226395,5.46961325966851,-12.7223484481247,3.57324535500864,-6.61123685938098,1.72684185779098,1.50153643671496,6.3735608064327
40,10,2267,0.129805506474196,94.1958547008547,0.00535651031685278,0.281208962188698,0.244217980878698,0.749939275163247,1.13110789835316,0.848597285089215,3.28091320889772,1.94411879640485,-21.812653686835,20.6800708934248,-14.3542566725881,14.1396423001531,9.85795247254461,36.3865267780917
3,60,3229,-0.000212228444642898,131.351789077213,-0.00158974049584377,-0.00478163838621145,-0.00132958671189447,0.847559443240228,0.949184284406338,0.890689765019074,2.47809022226177,1.25862068965517,-13.7696746673554,2.45716719364183,-4.19266194928416,1.59749942858698,1.29735705850302,3.89685590200614
8,16,159,-0.0199255226904111,-0.974107142857143,-0.00228018155713845,-0.0176925124130961,-0.0197158476294612,0.941677720793574,1.25003298889357,0.956959026695869,3.62492928462322,0.622047244094488,-1.3134318659331,1.9394406990246,-1.14578441768899,1.96313046447477,1.55645022094641,4.14940130681647
4,6,138,-0.0170072444977469,-12.9888888888889,-0.00626856038863249,-0.0370426805069216,0.00766180795775043,0.770000173329633,0.971138976638939,0.846920776660548,1.73931901859728,1.66666666666667,-1.08844849465137,4.28937828205172,-0.748520110167009,2.37678023811989,1.82073669931753,4.75902992501379
14,17,1180,0.0681564554756728,14.0200791855204,0.00477726943537855,0.0661766001177787,0.0750463785330645,0.906490028068764,1.20896981770246,0.937253092569885,6.58699292218123,1.94354838709677,-14.3811169620033,5.87466557145259,-7.64922496831172,3.09688444480329,2.37955366343357,7.59176801457691
6,12,776,0.131526316081472,-0.12979797979798,0.0174426524244002,0.0785064963311789,0.111951860825807,0.90811794350898,1.06883498111183,0.935848848080469,3.56740799513844,2.27777777777778,-20.447399076497,4.15244148404894,-6.31164633294056,2.26042304879611,1.91792805704599,5.44457696749698
8,15,404,0.0586242334029862,26.5583333333333,0.00423534271903464,0.0358250172278658,0.0516610015189431,0.878972709942829,1.17643130959151,0.916145129822905,6.73211382652388,1.89873417721519,-7.92701125539437,2.65972778387865,-2.04373163629032,1.55295524325555,1.28616562998909,4.35882776694772
8,36,1779,0.480059756423839,31.5675453514739,0.0539418199712024,0.490099233890614,0.498099206010211,0.535037906895478,0.715509788378121,0.638940794261853,1.35248628618786,14.0231362467866,-3.46911721683299,3.8285954552748,-2.48962630465804,2.25866828835226,1.66418090949812,4.40601820855531
9,26,1582,0.205949505471409,13.6381623931624,0.0141848728023475,0.181168312826382,0.197713688403545,0.817078359422712,0.967411774154662,0.885145567246614,2.03841451022273,5.07692307692308,-4.02264499862602,2.64142159984484,-2.93373225060952,1.52229491646874,1.30240485533497,3.46605664151561
6,12,67,0.361427355656647,0.70959595959596,0.0523610227548884,0.361418322682436,0.368300788140761,0.653997340926111,0.856189936752401,0.738117450641629,2.15049601997533,4.94805194805195,NA,0.244906325325229,-2.63868880319979,0.245383987024469,0.212616155508766,0.754466361693972
4,8,73,-0.130290583115811,-0.630952380952381,-0.0175793581177154,-0.137648936296464,-0.13985980506352,0.800528912366061,1.04380983159035,0.868548684105749,1.92142464971031,0.363636363636364,NA,1.20942602093928,-0.0263807602438539,1.09755389148759,0.9378285302724,1.53553843892573
3,10,96,0.0547578136697279,4.92592592592593,0.0204399249237961,0.08505522602025,0.0702490225707557,0.728074234124295,0.820983160826072,0.809958074928312,1.45485569419958,1.5,-4.17793995099928,1.20208858570463,-3.09122342735662,1.04060982277982,0.947279926457087,1.35638612017679
7,18,313,0.0069564176446206,0.515561780267663,0.000118543351110451,0.00758842146914665,0.00786219354749933,0.85245037814521,1.11150641804222,0.901102225913665,4.70456133169968,1.6025641025641,-2.37771998822285,1.29462209425253,-1.97308312206186,1.06124157899459,0.943316940472993,3.93926328026829
6,9,206,0.184200714112957,-1.46296296296296,0.0207424859397819,0.162347966381167,0.204425841397029,0.673316054447569,0.803091717101502,0.782524343608646,1.557790962215,2.88679245283019,-0.710060528393027,0.72666820239299,-0.694447260659024,0.525753075048798,0.490644358547799,1.12420922428197
7,72,17472,0.272025067777131,1343.98060585737,0.0276061117730775,0.296060588440352,0.303201758319078,0.821175656046023,0.849395408500333,0.885136529729797,1.91550391814504,11.1610486891386,-19.411867155131,4.30881818194943,-2.92954528270027,1.54192760851707,1.29582338563633,4.94880782680309
5,19,7749,0.019230795444587,-676.345029239766,0.0049837899076667,-0.0147247037871877,-0.00335924938050698,0.860357835438944,0.945574950429232,0.904853896346111,2.15728845064306,2.86206896551724,-18.1446953550927,3.93777563955236,-5.46987042534323,1.26490969314708,1.06242750488491,5.70537225861551
5,15,11016,-0.0104173175241006,-324.140952380952,-0.000856299629096718,-0.00825805000983957,-0.0118791867502691,0.844415202227186,0.841433513564688,0.904223223415441,1.76998981567077,0.722222222222222,-10.7402236546926,9.62592930830073,-4.32298077378393,2.38359276266945,1.96134997353589,11.1338909126213
5,85,3627,0.00333754759600058,0.464411764705882,-6.23202219454828e-06,0.00143335919593074,0.00198758419511905,0.867785021873095,1.07104339983922,0.912998990311018,2.20069018916307,1.96791443850267,-1.07335216845682,2.77783233478417,-0.924222991143113,1.60276041562919,1.34318086676444,3.4064862634055
5,76,2983,-0.000980004346063746,1.92212280701754,-0.000121122485181969,-0.000884623943706084,-0.000587257427602823,0.859545134014876,1.06299839853136,0.908749784859808,2.18723542285357,1.78443113772455,-1.46025202641114,2.79697108443902,-1.25799784344707,1.65304169371744,1.36857978138925,3.51397286507006
16,25,417,0.0281492438711917,-0.355486111111111,0.00179711619522056,0.0307525546545947,0.0296587563068148,0.939107415453297,1.28459067757205,0.960350681638279,5.59211757475009,1.51681957186544,-4.15107734968152,1.74057144507757,-4.20620152364623,1.52118225512764,1.28690463600687,3.65064786188884
6,8,94,-0.11918292181992,-0.789285714285714,-0.0144347471914224,-0.129419536895309,-0.126089360796513,0.847257678991329,1.12452227340167,0.906189054134033,2.39725928722836,0.357142857142857,-0.803314022014428,1.57648800660733,-0.506839495197031,1.48292403465612,1.27466696307245,1.77791263631747
3,8,84,0.0596383207527788,-0.30952380952381,0.00496198100181341,0.0378885976898503,0.058546033045552,0.7167133574247,0.888029652667575,0.795845182335229,1.35792576817371,1,NA,0.761673598467078,NA,0.668350167847194,0.538356316583749,0.752529844133537
3,3,31,0.333333333333333,-0.111111111111111,0.105926031245534,0.207345175663591,0.233687742017486,0.622222222222222,0.627456229881217,0.64367816091954,0.960928539602782,2,NA,0.0239542984922571,NA,0.0663071656747763,0.0534970324187758,-0.0234119182513298
15,65,1997,0.0780165617542649,2.46385531135531,0.00335820886055436,0.0622113123876502,0.0750687636678516,0.869396245851494,1.17266415064666,0.919535854338487,3.73278863411587,6.03125,-2.20718303752634,1.25015527760782,-2.18734326077001,0.920999327534235,0.829739258244041,1.99229712173287
4,13,479,-0.0766160189169482,6.37393162393162,-0.00150794546410576,-0.0663036324475139,-0.0777774959841675,0.771381107616538,0.829879377526723,0.845182688359781,1.68719055967432,1.08,-1.90330293024471,1.05353962577945,-1.96918455372932,0.577547559954469,0.543481699113681,1.66757460521404
3,9,50,NA,2,0.062111901613507,NA,NA,0.670917842047873,0.753663385820011,0.774281103886367,1.25813070801939,3,NA,0.576970086185376,NA,0.61228985268638,0.580811721119558,0.44751808794707
7,21,264,0.0881761896190764,0.892176870748299,0.00675260145897538,0.0676689124534119,0.0882377857312059,0.828548154037656,1.07206810903233,0.886439424833955,2.77182787855334,3.60204081632653,-1.2297729899796,1.24783774421977,-1.42098846544776,1.08241767705851,0.949055510465296,2.15343854016302
6,21,329,0.0992507298200672,5.54444444444444,0.0134082133278556,0.1036469363254,0.102151299272426,0.826874552979323,1.06343337390891,0.870967624081639,3.34993005690469,2.8273381294964,-1.57930921905222,1.15082556715879,-3.37703336517469,0.984291672175902,0.829983455817902,2.34901456790756
3,63,1412,0.00709625389074369,10.9598054275474,-0.00327251367116591,-0.00243206341634408,0.000843366107419957,0.759957943210641,0.842821295580606,0.833142673801132,1.5085824927799,0.317073170731707,-2.99840873414177,1.42845732268449,-2.48933017907756,0.897263194038902,0.775513700167557,1.72807009361683
3,77,1826,0.00976150985184246,23.4245841877421,0.00236454944660236,0.0124895824857651,0.0113734972462241,0.743592369822798,0.831285830585471,0.819514309064273,1.52898447598217,2.93877551020408,-8.07616398839133,1.14357934125597,-2.59085268621193,0.752934013053787,0.686287577257785,1.42083864817247
3,74,439,NA,0.56084166358139,0.0377339575607772,NA,NA,0.652109621466511,0.777348861505725,0.748643952325959,1.2694367645955,12.2542372881356,-0.166462281250102,0.465820379115545,-2.24268829360851,0.514697574165936,0.457503376209944,0.512670969536066
6,123,1339,0.142714912440578,1.11677106935004,0.0174088567211772,0.137662283272084,0.142866041006606,0.761604386780213,1.00369515946919,0.83348595135077,2.13961599109079,17.1298377028714,-1.31445680989322,0.578897111554596,-1.0488739891469,0.595833186011974,0.532027523183668,0.7989145534374
8,4,378,0.273551689892296,16.6279761904762,0.0088336448788689,0.250221409314826,0.231538754471066,0.489937466033941,0.623553810158459,0.653484137143736,1.00382621729658,1.51612903225806,-3.60217143634412,6.66345587639831,-2.23976218319645,1.81395348747092,1.8129472201429,5.40393997955908
8,4,854,0.279375847578368,86.2142857142857,0.0084216665196701,0.354083680111615,0.290757597021483,0.537278644099267,0.524062408365821,0.687438934385204,0.862857083453078,0.857142857142857,-5.11154792452277,8.07361474100004,-4.6436232738292,1.30370883545644,1.20864586333211,6.38934162537235
42,91,1459,0.0490829099611587,0.0245117767765851,0.000977687344347021,0.0367739491614928,0.0430636408231797,0.945861128128607,1.32941531994737,0.962577497423205,9.08867361668625,5.4826456434934,-3.72085422005495,0.911739380201499,-2.63899838731273,0.776655573105476,0.684123271191255,3.37818678731513
8,22,207,0.479445925977663,1.40445269016698,0.0417413667883942,0.345104381367571,0.44488263199453,0.658653672619108,0.843382630532291,0.775537513458043,1.56107562909821,10.7042253521127,-0.915279748593668,0.540172565384364,-0.64798872277656,0.510344217926414,0.468135073465396,0.361595786935925
91,679,2392,0.0756097246851773,0.00618255987421991,0.000837186981753202,0.0755933086567837,0.0767180636779124,0.931432282457377,1.30790339583637,0.942169900795053,8.48025592647679,45.3740883988532,-1.74293377457335,0.338097665194329,-1.36553866803267,0.360484810709828,0.31929203821363,0.580708810354543
20,30,12587,0.0691453974629866,10.0494192377495,0.000879067812963183,0.052254537471219,0.0774928638240628,0.77908830950411,0.98391166943487,0.853094261433024,2.48285651592922,3.71156462585034,-1.09014289551281,9.19727022749776,-0.989465737006215,2.18884907353281,1.83365004639886,11.0896544121091
4,12,713,0.0232699482475771,29.2777777777778,0.00515167868197881,0.00883656351296727,-0.00885589830336117,0.539830416611332,0.624303033082424,0.675390488033121,1.10191919811587,2.05882352941176,-3.72054300847322,5.9376167709977,-2.51803658638825,2.81949825165412,2.17685451327916,5.33269039585382
4,4,389,0.0333333333333333,-141.541666666667,-0.00689144852636315,0.00255499223615965,0.00524106430759765,0.770246373642473,0.803445072500273,0.854801569785357,1.21966644294783,1,-5.82537927672921,9.98877427865797,-4.71715870094153,5.04486033964824,3.48322246475158,7.84940154798857
11,17,1021,-0.035378724773917,-2.90942513368984,-0.00162632692902883,-0.0422476611692987,-0.0413330000710129,0.856587337193129,1.1058915932328,0.912653526916405,2.69164043586274,1.23404255319149,-0.248546995323109,3.55167000373505,-0.223256254081707,2.0163341890303,1.69257591668807,4.77796244023837
51,14,1360,0.103825512420783,1.48496444731739,0.00111964425133781,0.0290581094520659,0.0656583900647709,0.904524389678943,1.27750294885703,0.946871297610338,4.64941325118698,2.36122177954847,-7.43271745510303,9.65785206744495,-5.53907184004958,7.89305749952313,5.9701010654163,18.467372191174
5,33,1665,0.00451243970664538,-13.1323863636364,0.00144574266767765,0.00965190142376362,0.0154536797667643,0.877037203369445,1.0773110716335,0.920580988526567,2.32443268391296,1.57333333333333,-1.764293907011,4.2155766298722,-1.02230534228263,2.4456628069253,1.92791102120601,5.42139104243633
5,35,2692,0.107511571242751,-20.070756302521,0.0130408453527572,0.0942446325805135,0.0964090705638916,0.845825515069829,1.01736708330244,0.898304668134365,2.08553402829466,3.95454545454545,-2.47256681738208,5.47731698840624,-1.33743283917326,2.74358525185687,2.17838519844395,6.73155323052478
10,99,3310,0.0721117159832612,3.11104239675668,0.00589992102060952,0.065082238556248,0.0704003885752204,0.847715869743979,1.13123086577953,0.904047898203386,2.86642917332289,7.42462311557789,-1.96374162246617,2.93660879100294,-1.62603486192501,2.09085361421813,1.69244449102149,4.81981743044133
11,37,617,0.0477244178044915,0.140608790608791,0.00190096089064868,0.0269073781986978,0.038207718601698,0.817291373011804,1.10464103666983,0.885527241102298,2.76307177737599,3.23809523809524,-0.408887700725198,1.03925550557614,-0.525339016338145,0.984427231860521,0.868668678444522,1.785645041409
25,79,2183,0.199989132808876,5.84806231742941,0.0089782639973299,0.253706553424392,0.249407354896807,0.868552638036988,1.1159148182427,0.915226389301633,4.39265032340654,13.961157654227,-3.43160745576898,1.32231812831275,-1.79919706169246,1.01209101753246,0.882481074876801,1.83823481769418
4,12,58,0.133238111440517,0.0631313131313131,0.0394121603160228,0.134510329539454,0.188400948098612,0.583911874631733,0.828498429709582,0.691643860609378,1.45371549768596,3.97142857142857,-2.12021717913943,0.179869369546261,NA,0.0723280913131505,0.0987658523688158,0.261067089303863
3,5,25,NA,0.216666666666667,0.0266590688691269,NA,NA,0.499484372696447,0.535279892354728,0.633333333333333,0.754670367296927,1.5,NA,-0.517782372697533,NA,-0.290009462947249,-0.238935254922971,-0.699428905010944
6,11,84,0.267144237777524,0.543030303030303,0.0218282744446856,0.260431642605973,0.237751753425918,0.689199251199719,0.91729581247561,0.778675775592931,1.91201942140592,2.32203389830508,-0.145435849282878,0.384938299580202,0.0178943487738957,0.365544614666814,0.321777974460912,0.491180036575044
5,6,142,0.065219897492137,1.72,0.00446752777167424,0.0886909395916644,0.0626458336775765,0.825387205387205,1.03702395003249,0.890388503064276,4.37902083598782,1.28571428571429,-1.48887310901098,0.710764533380186,NA,0.652710167024845,0.654660373382123,1.51339568844633
8,49,871,0.0302781104858869,0.452608722060253,0.0030709764057481,0.0252799061204044,0.0296296430218937,0.888512506894029,1.19273098536404,0.926924036172511,3.01821105253587,2.35372848948375,-2.79211622236466,1.41923620859308,-1.97054031778507,1.24111577840267,1.095341532082,2.00451430564774
4,32,764,0.131033635010448,17.4128024193548,0.0251403066548268,0.135084123230506,0.154484671810374,0.767541581880874,0.877672617893595,0.844213997775474,1.69081172769557,5.19354838709677,-4.43052834938858,1.87520716843489,-3.27616885999589,1.14780788469587,1.03284550268781,2.2554493967342
18,11,134,0.104848616447802,0.404099821746881,0.00602706059700176,0.164383168147618,0.133618252802153,0.873350822702839,1.19408063288314,0.922032410990078,4.64218337904332,1.90983606557377,-0.642593945545905,1.13603423407775,-0.640004024077206,1.01432831742312,0.836248230367629,1.92827959992291
13,44,2225,0.22393741692935,24.0947376267144,0.0143979708897355,0.2150424404773,0.224280240121753,0.847277830465196,1.08093796307267,0.902688167137999,3.8653585144435,10.3695652173913,-5.19864640670534,2.06713525947453,-2.52210584475466,1.2464628754511,1.08116925898973,2.94578240698226
8,81,1139,0.0603178970484314,0.398280423280423,0.00394709508411619,0.0511765503013236,0.0589369025342465,0.822839459817736,1.10308565124476,0.885836247513212,2.56089819398917,5.08599508599509,-0.382197808990086,0.669567678017833,-0.286708963450696,0.655240964854421,0.603485809505653,1.0184470078113
20,36,4958,0.0207548424995213,0.381917293233083,0.0019410166688988,0.057842549238157,0.0414546417842555,0.938109173332186,1.23239152990886,0.96140662453389,4.14109821167754,1.09076682316119,-4.71057377081539,3.27267891941461,-3.15666869426349,1.99515356888643,1.69157397177607,4.80395452382395
19,38,3867,0.0250550570214378,5.13283921040154,0.00110811561304343,0.0250116505477501,0.0273210340997056,0.940730330471758,1.26209028611795,0.963354951275737,5.03734645308713,1.7993119266055,-5.5370962695295,2.57391073877572,-5.49417567900216,1.59914453019971,1.36545135140922,4.73082346376479
19,33,3956,0.0342026798791651,10.4156366294524,0.00156628760795201,0.0415564788151773,0.0420687761163074,0.934367417402477,1.23847551911052,0.96039891614935,5.30927546450311,1.95363408521303,-4.18926696601867,2.93676161850916,-3.17527495749428,1.74076382485137,1.48899329228391,4.8119688189566
19,33,2085,0.0417978399816036,7.99643917242601,0.00193711324752424,0.0476253776583563,0.0464529444850676,0.93263279119285,1.24595225292239,0.957554218672482,6.1665993162502,2.1972010178117,-4.64915117296663,2.27441088867812,-2.93781152479589,1.5447773235355,1.29785721284649,5.02381070061217
18,22,457,0.024064063856006,-0.0385649209178621,0.000565288182420328,0.00335539925283688,0.0147043920476142,0.929297531670719,1.2691291631799,0.958874750975256,4.62539748018173,1.64926931106472,-1.37405332412713,1.66714246046138,-1.30223370265431,1.52751258366871,1.27414472801295,3.33389641772463
14,13,1512,0.127157370731484,16.706043956044,0.00764750809895222,0.176650995084035,0.134014245032089,0.829012981143407,1.11867865521183,0.875350489880973,3.01893057494579,1.52127659574468,-2.91920854234218,4.63139728996419,-2.69862135039781,2.26897828376695,1.68471157772893,7.68469139426895
10,12,1139,0.0753213144948835,40.6442760942761,0.00914807883563465,0.0982444476436606,0.108305708239269,0.866043278512663,1.15280845061012,0.91633620772316,2.78148093196644,1.73469387755102,-9.7724771589908,9.84238039153905,-8.78023418018985,4.74524062005392,3.59928052178516,13.1094169390375
9,56,594,0.210421380851083,2.44229797979798,0.0231574541104172,0.235484455348225,0.230338867552661,0.809126084786626,1.03318870532305,0.851662560057681,3.6846978379837,11.0473186119874,-4.23570490324623,0.658864285613388,-2.00589210112668,0.705123042295498,0.582804345857169,1.70050024185767
4,24,417,NA,0.990338164251208,0.0224173448546285,NA,NA,0.509168584154364,0.435617228332832,0.645272800507456,0.644366378883072,6.53333333333333,-0.171923895140437,-0.387453691556502,0.177260061327249,-0.245650202270603,-0.219407172086787,-0.43655713333373
11,28,434,0.00857806558571883,0.0132034632034632,0.000845015589536928,0.0151799783381543,0.0116851606466097,0.892313068598791,1.22543274500699,0.92518895334566,4.71177941972469,1.17695473251029,-3.52328120699806,1.20060360148757,-2.81022586740709,0.944247543950587,0.828936249317233,2.28630231477937
53,17,2006,0.139269138097399,3.841423525143,0.00168798076041992,0.0654304698534597,0.102419984968533,0.888558777166796,1.23954630098973,0.936959340892811,4.65851701150719,3.27294906983837,-7.51791964958596,10.6818199784988,-5.42802162429496,8.71963870616863,6.34678896614453,21.7195835765927
5,42,1487,0.0227501080473749,0.583101045296167,0.00294510789965822,0.0225265900973654,0.0200972414056438,0.802649544578793,0.982163717230474,0.867662806497935,1.88321152628927,2.50617283950617,-0.777002321593375,0.876435270550296,-0.967015629194646,0.712273704833495,0.648858888215879,1.06906970844782
5,23,2639,0.003557606606512,8.67845849802372,-0.00127830854782337,-0.0058356123799565,-0.0116770092095121,0.820574575253169,0.912901192914994,0.877675786129409,1.71604495867668,1,-1.9043515131845,1.23902247911268,-0.645109923577365,0.607079226190878,0.61634770070684,1.2421775526917
5,34,876,0.111473280777952,0.347593582887701,0.00932237947022825,0.122130501492047,0.109649115740732,0.757514679786657,0.911842306658972,0.835058798821395,1.72996369823396,3.2258064516129,-0.233291211458341,0.550311043705771,-0.162612737232495,0.491211523904633,0.468453845110634,0.725148824951436
5,24,3361,0.135283390139809,-3.22989130434783,0.02050939021901,0.109780601973569,0.121379329121697,0.764609637117994,0.803757238334847,0.810551969344295,1.53260928828682,5.53125,-0.351523872088701,0.723685451671369,-0.493511736822429,0.38695636827818,0.333602559530382,0.930475065813402
5,32,1829,0.0730290246154962,4.63497983870968,0.00713397352392271,0.0854820931953898,0.0869338858863066,0.766434335595193,0.876654360909138,0.843049175566377,1.59847274393849,2.31578947368421,-1.39643096489392,0.521989408005273,-0.710892346040667,0.378510046679875,0.380608003698186,0.595421594308607
5,25,3283,0.125670620694351,32.4311666666667,0.00360583512956094,0.118731215591345,0.128695986636509,0.832393977359163,0.880372035920257,0.881467340442709,1.6436189561104,1.17647058823529,-3.20955514513904,1.05015661098747,-1.60386149118382,0.700166603578549,0.643633321900088,1.06276807619052
4,19,200,0.118374143566311,0.494639376218324,0.0280834474687764,0.128676429573698,0.120458442749267,0.777775242875925,0.900302414394678,0.830786926382842,1.56997443082756,2.92452830188679,-1.55286979948731,0.670906694231465,-1.7676057579264,0.789093592227502,0.66548709518649,0.741754579292758
13,11,292,0.243153854664519,2.18321678321678,0.0123166800166546,0.212080896268026,0.244439484853731,0.830488576441645,1.03926236649921,0.889135400922239,2.5096617329196,2.67832167832168,-0.715600184858027,0.934585480620093,-0.630976489562334,0.686789250222203,0.615436039544781,0.810955284623405
4,10,37,0.0717024844974407,-0.0555555555555556,0.00876264210569204,0.072218282866477,0.0639772616359751,0.628161529828197,0.917458012150932,0.743626003626004,1.5305582393974,1.46666666666667,NA,0.271739411220711,NA,0.281878372400187,0.270577554745107,0.294717441289496
6,14,59,0.116580416010589,0.149084249084249,0.0170461018319495,0.104877990247755,0.121437518581925,0.730356240719252,1.02028393414833,0.817962211780893,2.01622375768948,2.76923076923077,-0.869531993462674,0.300394235744745,-0.916741530203777,0.403451808757978,0.407481081815227,0.440413368371488
17,19,216,0.0788124877605313,0.124785001719986,0.0030838738695679,0.0623083362654273,0.0714594130755501,0.895389886240566,1.24755982671267,0.930332060422687,4.62564298176354,2.31468531468531,-0.704633675385663,0.598354068154673,-0.142390481844797,0.577280169179756,0.509862351352707,1.21290926150635
15,28,621,0.104832433500903,3.18222474174855,0.00604524358568796,0.112359982657644,0.116222603676459,0.87199293528995,1.17535113468131,0.916201995720637,5.07787190289869,3.80178173719376,-4.4670115646389,1.83901501917372,-1.7187579214905,1.29476053468161,1.10144866224823,2.87256959860614
18,29,462,0.106025808920952,0.725457999291671,0.00465360474744305,0.0884188853489529,0.103198228181887,0.898492322701459,1.21966793759462,0.936540909290195,4.93938486894311,3.97962648556876,-2.02932230419486,1.36477508554861,-1.81194872855962,1.21247989166513,1.01257926760395,2.46521609426225
17,24,397,0.113578715055697,0.84993073316283,0.00602593416168291,0.11866778540767,0.118065339889631,0.890498321173385,1.2046363673128,0.923269697961237,6.14650336392418,3.35120643431635,-4.54255898178681,1.34881093799919,-1.26880010597994,1.0521404187515,0.881388461001603,2.78917516629341
17,23,175,0.0183889522058781,0.00732387816786794,0.00135672588810502,0.033607467952096,0.0253653444698531,0.909984682328448,1.26889903648748,0.94236933789427,4.3258563156119,1.22413793103448,-1.26520275284504,0.78500155166652,-0.918857675162731,0.861450177388408,0.75355677287912,1.33874667357191
6,16,439,0.0754744052804107,11.6297222222222,0.0106816559593164,0.0780027929929064,0.0681792750968623,0.831420533257383,1.01677825253747,0.872318509132653,3.78931599439863,2.2621359223301,-3.96426422684089,1.4811911053815,-3.24907175943529,1.02482115733816,0.898560977198142,3.82763433125341
9,11,358,0.100286768026552,0.800252525252525,0.000882858625070276,0.102971707193228,0.106467270077825,0.548825620273988,0.560148442222701,0.683943947268845,1.02506541922423,1.32142857142857,-0.233049224525333,-0.333240588446117,-0.221365116883744,-0.147245555259664,-0.1024859713655,-0.160540354935863
4,12,85,0.228928346402559,-0.071969696969697,0.0467213301414466,0.19162250846922,0.245096312398618,0.664978931446527,0.840246344522032,0.763200703953164,1.57982475826656,4.58974358974359,-0.334915763056116,0.432575483441141,-1.80074442506338,0.438734452016514,0.388194412586931,0.617260395622108
3,14,126,NA,0.327838827838828,0.0424048214233433,NA,NA,0.592502926886247,0.645399953244406,0.719811354146537,1.03220344796049,3.9,-4.77093375303521,0.376554986070514,-1.31741982247066,0.170388469530462,0.220034405924097,0.392137591069402
6,18,267,0.188483059628849,2.26492374727669,0.0146766724876961,0.157551382923034,0.181137195203308,0.765596699016803,0.945038657279822,0.849659441073448,2.67835460685315,3.94573643410853,-2.00557659864812,0.986757107864294,-1.34931353559224,0.78839415650039,0.730624462376439,1.89251229249109
6,19,231,0.224348520720564,0.387914230019493,0.0184562790851564,0.172919511590475,0.226242568855866,0.671836214604552,0.873556259621664,0.780854004361572,1.75870503605731,5.64912280701754,0.236521175380311,0.202024821746317,-0.115353636649268,0.120845765485149,0.137257164410886,0.561006542983229
95,33,8060,0.19273915079696,26.8206683294309,0.00225951277371825,0.219696721760872,0.227984004019175,0.817101083270053,1.18400122107908,0.888476989297247,4.56619207560216,5.81589193484307,-16.7091060329469,17.4260368185695,-8.42278282258335,12.6145920203672,9.17436433752479,34.5383701107144
7,32,299,0.380484133588194,3.16455453149002,0.0478044086467311,0.380277896743219,0.385783604023795,0.738480279549313,0.868050572163152,0.801491797065564,1.8969331930222,12.4253731343284,-2.6718043968104,0.505888045210476,-1.17172415471128,0.603003780813704,0.510655750012881,0.717176950724112
27,52,2841,0.0359045085401413,0.00546381164782371,0.0010775951905266,0.0360079110147556,0.0374968451872759,0.8760142312322,1.19021121216638,0.927035375994866,3.78374572649832,2.6271186440678,-0.671189548736736,1.02824909455728,-0.532368994803934,0.816101567721354,0.749333726927446,1.66600920227401
26,49,3912,0.00871780028062804,0.060521978021978,0.000189738775460917,0.00230532606207478,0.00782185222692971,0.87436220345186,1.16859966330894,0.925836398093978,3.5772708585768,2.05574673090158,-0.868039268793458,1.1343066353752,-0.756230998612771,0.713013828825102,0.651617932835083,1.55449558371341
26,27,242,0.0328529054311938,0.00197676966907736,0.00134730348898026,0.0379127038892393,0.0340070739846178,0.904822611394364,1.27715164410441,0.939501758947573,4.56877919998579,1.29789368104313,-0.767408270725045,0.616863171389472,-0.818628769694512,0.650009611589843,0.606703576988495,0.906150898412841
26,27,1054,0.0165037421155355,-0.23733070348455,0.000362234572099945,0.00597041972751817,0.013852154499604,0.927900626518063,1.27181114393458,0.95456094218716,4.94137899202367,1.67910447761194,-1.42036729805481,0.865429322177782,-1.01154653103077,0.675145945839579,0.604263825791673,1.30348868449487
27,63,1556,0.0319431438280433,0.366079360703017,0.000900597828671712,0.028121681994199,0.0318048728594926,0.928224544980677,1.2835738584665,0.956331793278274,5.74799348077052,2.64155339805825,-1.78228814505932,1.09529153796448,-1.6091018922438,0.94478186184849,0.852985339717696,2.21754004025658
26,55,1537,0.0233132011549441,0.115217819217819,0.000665530454634241,0.022860791670752,0.0243005964499897,0.912153110241348,1.26423902449535,0.947984535493494,4.5877088894217,1.83163737280296,-0.964053871789512,0.844372109099246,-1.10500738985363,0.725874767584673,0.663081636481559,1.42233728988748
27,33,1735,0.0211028112521748,0.359082275748942,0.000535201530683762,0.0301668071880797,0.0247553303890122,0.942527606222283,1.27256363604554,0.964081753965397,4.66173394315393,0.794061302681992,-2.2150536568932,1.03685296591091,-1.80725705039967,0.846348535372661,0.767218434477324,1.4397570364572
26,47,1806,0.0190474973663475,0.0179434996086245,0.000539782909785356,0.0178276443992924,0.0199366761781599,0.93878298408596,1.29715083472809,0.961294388046753,5.5161270069439,2.21810406272274,-1.47753386831492,0.795147230489009,-1.24945722875676,0.644277801516832,0.577542724325045,1.44815558091831
13,34,992,0.0725568230680934,0.898887060651766,0.00300244778739808,0.0385030973736494,0.0606774754414547,0.850147911979101,1.17367030576903,0.907708535733961,3.47164859228477,3.82986767485822,-2.15621835037661,4.00035728272634,-1.95977388832383,3.52154301889171,2.7605866553426,8.19710762038484
25,6,1293,-0.0591378741931675,0.94288888888889,-0.0016642214606816,-0.0123635392090931,-0.0387455186303283,0.870557390859483,1.23398333689445,0.920704311463443,3.14783355031202,0.9,-20.0748456346456,22.4052772235817,-15.7700559768375,15.7012578350798,10.6580677996103,30.0906573054354
45,8,3726,0.0580388043039622,30.3204725829726,0.000709713917224067,0.0394501720690692,0.050458164426087,0.911568931405065,1.16988622316328,0.951650532333054,5.58822805735061,1.36436170212766,-13.5810380039261,9.86895569102231,-9.79939945004168,4.84454298128057,4.06218035318927,17.5287253731323
98,8,9488,0.0645733874243403,59.5681223888672,0.000414611913314011,0.0524943270895604,0.0691768853637787,0.865787799990231,1.08832289748667,0.924706188152337,3.33175868507737,1.29063901345291,-24.1747823726186,17.8567787961078,-17.9855798158025,7.04648290351454,5.8107374781274,25.0208076906873
36,6,295,-0.0698823046831091,0.103968253968254,-0.00121401725241456,-0.0359368215877218,-0.0601818888695629,0.910850072179912,1.28624467727425,0.949578408656884,5.80577840214851,0.640866873065016,-2.96708996121479,4.29584999709549,-2.93702827200192,3.89777564799286,3.14955656304069,5.81083512710431
93,9,1289,0.000204762812174466,0.484721572905304,1.97433299421582e-05,0.00412064044626708,0.00155463101728171,0.928605541517758,1.29589217167406,0.960211508733256,11.8900443965875,0.927453507641318,-3.45846289546213,5.3109096426595,-2.95721291874797,4.46964149770383,3.65021084950838,9.06101054470386
65,14,2180,0.281611396080252,36.0421703296703,0.0058333589549979,0.534896093545079,0.459616425417282,0.699251925283908,0.928114228040817,0.813672762229372,2.78623597870441,3.8233055454875,-8.07146616760386,7.78138122959673,-3.8764166365062,5.19485685831895,4.25125552167597,10.205638178187
29,19,19946,0.166940330477868,1316.60310978596,0.00382635754208585,0.136689153151232,0.158135107574966,0.899946477699573,1.14092996178429,0.941032919663766,3.87678144711479,2.98884758364312,-35.3365807530234,14.5916951305871,-13.1283460113938,4.91133628707623,4.11290074156196,18.2444139955568
29,19,19946,0.166940330477868,1316.60310978596,0.00382635754208585,0.136689153151232,0.158135107574966,0.899946477699573,1.14092996178429,0.941032919663766,3.87678144711479,2.98884758364312,-34.922233691957,14.5459503398593,-13.2598344365641,5.08495478789224,4.0253476275616,18.5067774755775
11,14,7434,0.229662290529309,8025.85224775225,0.0242337488774018,0.364519833462324,0.318131756186159,0.856927780753356,0.986252518568139,0.906294983950035,6.79102076352217,3.05844155844156,-36.7064856671575,10.9027805131434,-5.08428489454943,3.39506189953862,2.91348518696563,16.3617181548778
14,71,871,0.04088553105357,0.333990757733212,0.00252053200911493,0.0420051439614258,0.0433450416203389,0.906388822470557,1.24686912923986,0.938235206958478,4.43833774968537,4.32507042253521,-2.02951529676541,0.935782650373142,-1.85295913227656,0.874575287899741,0.761210108891377,1.99452630100809
15,51,575,0.0875692862864721,0.205079365079365,0.00527446830070827,0.0934626094384256,0.0917183991852629,0.877963355889581,1.21242929580013,0.916559021371253,4.16421409512736,4.90395480225989,-1.60126023825264,0.740693734779541,-1.56609101281753,0.745990539098061,0.654963701579169,1.69773808557115
15,45,562,0.0396338876453817,0.325127465127465,0.002112645377625,0.0383787710128509,0.0404251878554295,0.908984684765938,1.25580654314495,0.935033248798439,5.47847825992377,2.94974003466205,-2.16639248697587,0.958709436154241,-1.90935536933297,0.860824364841998,0.739529159844121,2.42844205044275
15,43,386,0.0505357671580844,0.265453778410589,0.00249507577167517,0.0429673152528708,0.0479160109023554,0.909704168740807,1.26161510124414,0.939909042514392,5.84353536406776,3.71942446043166,-1.64396412638335,0.884375553184649,-1.54307287635087,0.833970536358248,0.738342554669796,2.76542141916683
14,55,1561,0.11130916548229,1.64411884411884,0.00594405138998573,0.104897935979596,0.115877695104371,0.868367725033519,1.14281750687555,0.918984779949614,3.19124437167859,5.98697916666667,-1.69325206204839,1.36120454316223,-1.71431389175917,1.10183611485299,0.958336730362792,1.8189366885273
15,45,442,0.0810993422671095,0.0996200096200096,0.00441527090421027,0.0770164158931712,0.0820158272398115,0.859813167378052,1.19397933963272,0.912659001291488,3.27507293792492,4.50413223140496,-0.667526028764354,0.725978465229271,-0.790237200113078,0.786673944839492,0.678674494111944,1.11188501827999
15,41,371,0.0831828433706456,0.206521486643438,0.00471632054827104,0.0828291403952054,0.0871996805113925,0.885267979949673,1.21744305617525,0.922915205995854,3.70921104845854,4.33826247689464,-1.47224993147263,0.651655747537229,-1.32696969222382,0.68294554108283,0.578338315863924,0.933132148152208
15,34,324,0.0518850249754116,0.199719887955182,0.0032977376792088,0.0647536377078234,0.0610195963977793,0.895498406332442,1.23557075154085,0.931742009538866,4.04715384789503,2.70989010989011,-0.977081351784569,0.728706890342136,-1.04512916161671,0.732724796831083,0.666104425734909,1.24424356798323
15,124,3014,0.0892480710514561,1.59092328250471,0.0048803719651439,0.0861249738685071,0.0886923812822064,0.888953782959106,1.21106225177675,0.924564817234645,4.38549096723817,11.5810810810811,-3.42616274102528,0.969053395911033,-2.70838764374031,0.802811355660186,0.709763995379669,1.96578417786098
15,71,2701,0.106206052702826,2.8216786432883,0.00521247061312301,0.109728207073038,0.11702600609626,0.878995381148816,1.14739371799362,0.9250872668583,3.31604485953741,6.80693533270853,-1.72694209521063,1.40399398333878,-1.60169472186858,1.08695636196835,0.950771870327568,2.04533730399581
14,72,1163,0.0392162116404046,0.248301776470791,0.00254490719498864,0.0423361043062644,0.0414077470592756,0.910520545277083,1.24481152111696,0.936715403888971,4.34406943150979,2.96053395240859,-2.46159829204476,1.0335104819955,-2.65155719655174,0.94817348501253,0.811153667605163,1.97576534116118
15,69,802,0.0113355949249637,0.175139041123696,0.000503813261159273,0.0125764728753086,0.011783627149717,0.927340810750076,1.28563008821384,0.951585465239543,5.40598623879615,1.92123287671233,-1.52725589421162,0.845967058589135,-1.44867959876958,0.816222489169088,0.71008879213509,2.24310941867566
15,37,567,0.0623838425388888,0.67034892034892,0.00348665330030856,0.0728345477305508,0.0683663819911466,0.906586459504544,1.23379531572245,0.938114169667009,5.46987297737032,3.27671755725191,-1.753325519556,0.969382467204856,-1.56652065862869,0.907121598490148,0.789030227741058,2.38718719145987
16,57,1277,0.188229602503792,1.28718671679198,0.00926535394426356,0.197449067460989,0.196859668048012,0.840360073023312,1.10535857763711,0.897512558692683,3.34014861644963,9.83886483886484,-1.30326562922497,0.889751348886744,-1.0714341553028,0.796180671333382,0.713592994528653,1.4554983393525
15,44,434,0.0607023040465249,0.0541830262760495,0.00299328260333643,0.0600952968531818,0.061872436374505,0.867975666248081,1.20277732201399,0.914455704860637,3.15944977810029,3.02304147465438,-0.377053691893047,0.526624507794666,-0.196469639029319,0.56068300273492,0.513476723882556,0.508617434798002
15,38,388,0.0894589412740005,0.0814197656302919,0.00490784795475807,0.0845929909966441,0.0876946517932547,0.866673824455231,1.18868994943762,0.911789154463277,3.58287755888361,3.83762376237624,-0.568424276755344,0.49373911741255,-0.771210572174132,0.588864662526563,0.530041299660386,0.886548340706418
16,109,2550,0.0632043743154992,0.916865585003964,0.0034060721866102,0.0624700261482801,0.0646542941016612,0.904951378744347,1.23742011763111,0.932816485742577,4.96180886021167,6.8087823108066,-3.13118712217632,0.968836471790616,-2.95052209466169,0.834126259835165,0.726353043582271,2.26290398215415
16,77,2099,0.174022704128282,1.2776372750057,0.00865641731165319,0.186228977260752,0.184733451803936,0.848136583096225,1.1105485639784,0.90077217959712,2.97730303676158,11.4697535474235,-1.42301937638332,0.737075189692126,-1.01890159817685,0.675285730467703,0.603120468671836,1.01285647989217
12,40,1465,0.0827760390077165,2.86856060606061,0.00312278722847463,0.0594884057935079,0.0767576984949687,0.873300448221921,1.13970585506112,0.922921943512698,3.8097511072423,4.4750265674814,-2.02967143166796,1.70716252790568,-1.64681529377649,1.17772440755114,1.0291083313977,3.12474163787719
22,57,13462,0.0672190015573345,20.2221584806171,0.00280463081451084,0.0643500407728911,0.0721800509722693,0.908101775250841,1.15373526769226,0.945475365711576,3.63948708336016,4.08977556109726,-6.60593056741624,5.20859375184738,-3.21272553790605,2.72768068762976,2.16573022812494,8.51727253666272
9,45,1157,0.0202157070634391,-0.0755331088664422,0.00391181212267247,0.0205470594700298,0.0187854918213966,0.853695611177506,1.1208915435123,0.897817506810655,3.2020690525088,1.77580071174377,-1.824731246824,1.17399317520494,-0.931535418778742,1.00386802903627,0.838819029224877,2.18577910805983
4,54,332,0.0837478429997311,1.49126484975542,0.0219305359087846,0.0929700578225322,0.0799359539546419,0.748263575984952,0.900619375657046,0.819943116217225,1.64236459687191,3.55757575757576,-1.22328479494733,0.764615698365659,-0.948138076070125,0.951267667453156,0.784950515892595,0.844510765985639
4,59,188,-0.00258463520899078,0.21264367816092,0.000478460235998099,-0.00125525315273619,-0.00057858984311453,0.765661505420437,1.04429818750361,0.827634182801213,2.06037308883415,0.907216494845361,0.829682290921183,0.729954176714874,1.04066470075468,0.854491997655599,0.700490800253221,0.986061264570461
12,88,562,0.060439799783071,0.295365488743232,0.00459768721266848,0.0625782522790017,0.0647569695707109,0.871190807426791,1.20993261377856,0.915498837556533,3.68203217333436,6.20022246941046,-1.11942094412765,0.954857954908216,-0.920295710611874,0.989870589750825,0.863173122516085,1.63760985176122
10,29,1525,0.156893230645113,35.7415708812261,0.0140671747119899,0.184102585898193,0.192110293343748,0.874505863668911,1.07185907637301,0.921601086229542,2.93114045331287,4.78807947019868,-6.93904236040123,3.14538884825006,-4.88945438570763,1.80773709781297,1.50875569319206,3.9887407805095
3,35,677,-0.024023913670689,5.01512605042017,-0.00771570324264301,-0.0266624464272766,-0.0255923981654713,0.8156838923366,0.949715583906073,0.868748224914192,1.7308025072312,0.133333333333333,-1.75825971255993,2.25197446616192,-1.09448671498807,1.58271463821069,1.28880793977803,2.59695218353377
14,90,5285,0.225726201700391,9.69848678163285,0.016701573741169,0.250769908327814,0.245453801133229,0.862617827093092,1.05120776987971,0.89810647337579,4.2303141304646,18.6369710467706,-7.33014009608062,1.31850908147246,-4.42292828157399,1.17207089993928,0.967145670219908,3.3579022771715
10,29,677,0.322532077720719,2.36425834701697,0.0343960118573232,0.369074719310984,0.355113795820572,0.784913486838656,0.888849713043739,0.829833305591185,4.05904859816644,8.74556213017751,-8.68113911520851,0.856543445297935,-6.99770687727888,0.898644751299848,0.712555646777666,3.06682298448323
9,33,613,0.11344366619783,1.34677504208754,0.0111042749001582,0.0968392145544348,0.101649336357858,0.880765225192866,1.14398047345374,0.907563368775757,4.55348412717821,4.86335403726708,-4.4342620273711,1.4418595324764,-2.9013774041829,1.23760823672162,1.00109220083353,3.7168911791525
9,27,1130,0.228599032997519,16.9007597340931,0.0247557478425771,0.231026426358513,0.232295982475503,0.825319256200927,1.01707565934244,0.870896978773235,6.16544222802751,6.49285714285714,-14.1277581066083,1.97993951547249,-4.22351855977468,1.37282109672,1.09785406419196,4.41647906392179
10,29,515,0.268843089840142,4.28727422003284,0.0244458028128088,0.239992635784822,0.252146794531588,0.83062342808313,1.00379625987617,0.876101182460976,4.47412600396111,8.36962750716332,-7.73548541339655,1.29444534982786,-4.80561039226072,1.13854696632885,0.931774022777747,3.3916459967213
8,35,719,0.204969765523698,11.5911464585834,0.0260074563295771,0.216491879459009,0.222626936126376,0.861666655335195,1.01505220199456,0.897217621569172,3.96646530676341,7.76221498371336,-6.95519764718661,1.6862764250866,-3.3058222218441,1.39362558087904,1.13719595580761,3.23075951684624
8,26,286,0.173987682796249,-0.648736263736264,0.0210705109674182,0.161240965113873,0.17332628070499,0.83244272878223,1.04876596358278,0.862297108669053,4.04867361670752,5.33333333333333,-5.54408699243045,0.830022411406309,-3.10328175417923,0.939239206037281,0.729272692620239,2.75167495838302
7,24,761,0.300436784826924,-4.20893719806763,0.0412351991624195,0.287562881419759,0.294425657722256,0.77871166034354,0.887787331931143,0.820368072296923,3.98255177938135,7.31764705882353,-11.9996126519948,0.768003723860645,-4.9525286838602,0.978218745250292,0.788307542805356,2.64695155727639
8,27,592,0.122569325904289,-2.4237382987383,0.0144900685745971,0.117757643235995,0.122729239627256,0.856328707397013,1.09840752244437,0.884368837793465,3.25907563714546,3.97942386831276,-4.26536117850786,1.24876223339875,-3.01648712108758,1.08692260537782,0.90469081328754,2.7235922906125
10,44,1041,0.017465610804065,1.6946793516561,0.00176613938107293,0.0188096854851623,0.0196455636146638,0.928039139644488,1.23205019318086,0.95108142339865,3.77736857473895,1.82178217821782,-3.9025472975966,2.21236146444067,-3.03612826705295,1.73986344176024,1.4223793072408,3.73633784882055
10,22,97,0.0381689981355264,0.0605579605579606,0.00327037165915002,0.0361770013931319,0.0417523450813124,0.900187328004417,1.22707232719123,0.931742934011415,3.77813831941187,2.0561797752809,-0.484926494604742,0.757996601149074,-0.643668152342048,0.939286565846488,0.784091722831821,1.66361337637256
3,47,4051,0.0175099012305971,-29.7622571692877,0.00682312381346396,0.0117446072738192,0.0103877537511657,0.783359411523354,0.762778697149613,0.849115348655206,1.22308228162879,1.12,-3.64067049672243,2.05932275280939,-2.12096174180385,0.883635658519389,0.791224434371915,2.03095049879959
3,44,3340,NA,859.551444679352,0.0621813536432622,NA,NA,0.762243670503702,0.66398521537758,0.83236454177889,1.49838507179443,5.56,-6.54337100031178,1.55105532845673,-1.68446321174308,0.800282090894692,0.711164765364962,1.9667387621309
144,31,12138,0.129359881450775,11.9035663709051,0.000814639186628776,0.109200212429783,0.126836565637211,0.874983111859735,1.26744305333925,0.929154766998272,5.56565444198694,4.82596494082239,-16.6409246509951,22.5347407658109,-9.88284961279668,16.600724276597,12.2867404968483,60.0705386174715
