"n","S","Tot.incid","C_jacc","C_jacc_Z","B_jacc","B_jacc_Z"
17,71,376,0.168281775890369,0.246991354694373,0.348240834317128,3.11778112491178
12,25,117,0.207617965367965,0.00306015215085297,0.409578856971905,1.70132929711995
51,12,241,0.235860941769685,1.80883875353522,0.587861528449764,2.4648771899606
25,10,142,0.342948555145733,0.646289956336045,0.689568783068783,2.09648222070065
30,7,112,0.329287439613527,1.34751384076973,0.650815544608648,1.6235655878698
20,23,139,0.24288578874431,1.01897610893173,0.265525692487767,1.28178918975883
11,65,142,0.124484508547009,0.0693462913836073,0.133658755857153,0.428759173162426
24,61,392,0.130486628190208,0.244945674416632,0.449324740360741,4.79918049460494
4,40,110,0.512179487179487,-0.0353997500454253,0.646514161220044,2.10215036239656
3,34,74,0.554664289958408,-0.0798475249331667,0.608960573476703,0.677609751022251
12,102,167,0.294717623022806,0.951293775185304,0.0809296554240855,0.844088399471899
31,9,119,0.375627593589578,1.72122645501962,0.309751664106503,0.542747580769637
5,13,36,0.377136752136752,-0.0521523158110398,0.354444444444444,-0.229465388264057
5,15,47,0.508412698412698,0.442810203962843,0.484115884115884,0.554548160273313
5,9,27,0.550462962962963,0.919559678943279,0.417857142857143,0.480575812586149
4,4,13,0.708333333333333,0.148440575957845,0.625,-0.964383861273123
4,3,12,1,NA,1,NA
51,41,285,0.159832678015748,1.61954259517696,0.122011379828039,0.936322050481895
9,23,92,0.292714411192672,0.466713960309667,0.560875492064217,2.97006693215569
15,22,94,0.145102840882062,0.130178726832563,0.336995306281021,1.61599183815247
15,31,127,0.142426957749538,0.179374003537585,0.307215713259499,1.79923892336298
3,62,115,0.55676009166226,0.511875408148478,0.414119570028177,0.078854113052748
8,65,270,0.385824748168498,0.502025453668011,0.505651880741385,3.13778807163598
15,17,64,0.112842365967366,0.0297683464122237,0.301660138802996,1.21082470107637
15,17,64,0.131194255091314,0.124094800916657,0.233657665086237,0.782841688408189
15,17,67,0.148723906812142,0.131340166433088,0.273790733076447,0.975733785782307
17,16,138,0.326358215586157,0.405601039099837,0.48473645431366,1.40777013967553
14,8,45,0.251627340913055,0.6770048235496,0.419832548403977,1.13697348655691
17,71,376,0.168281775890369,0.248890124582951,0.348240834317128,3.08983260079889
40,10,91,0.168504381755156,0.625977912279977,0.149465811965812,0.123831367762575
3,60,77,0.3469868173258,0.00736842437022781,0.139642804860196,-2.21157217069838
8,16,19,0.116666666666667,-0.0391171773849041,0.0408163265306122,-0.378117790468862
4,6,13,0.433333333333333,0.274800294759744,0.291666666666667,-0.385893902867912
14,17,60,0.153426761147349,0.238343183751767,0.225398411112697,0.752887743823133
6,12,22,0.253535353535354,0.26646640394326,0.221851851851852,0.479024168798193
8,15,38,0.184886621315193,0.113272150226163,0.238973922902494,0.539480916395632
8,36,135,0.436547619047619,0.942908229070538,0.41154000203507,2.49742340892727
9,36,144,0.334320357772739,0.55298428526827,0.409074253793654,2.02153756663883
4,35,59,0.285434173669468,-0.0167869954178765,0.265203685203685,-0.0414319427726122
6,34,75,0.265983363042187,0.244493687894686,0.241098351940457,0.53924110475158
4,18,41,0.398148148148148,-0.0787684028303026,0.46963649096002,0.675888588299604
3,16,32,0.508333333333333,0.150741598301446,0.525274725274725,0.401604276214657
7,24,65,0.248826777087647,0.187758637323648,0.282652548198767,0.548731807082752
6,16,48,0.390277777777778,0.484070628089007,0.409266474266474,0.877152511055055
7,72,296,0.433037111558238,0.457208912182366,0.532796761355532,2.87868003691712
5,19,57,0.431968810916179,0.343496593232041,0.606804567981039,1.91487097621365
5,15,58,0.603809523809524,-0.086546131052154,0.732875457875458,1.23077667963049
5,85,183,0.277147525676937,0.0224945613538536,0.322480160924941,1.00585825483654
5,76,168,0.28472514619883,0.0245562739545643,0.335414934676866,1.02688137169882
16,25,48,0.0992777777777778,0.151309729758446,0.0605759980759981,-0.0227255305815142
6,8,24,0.430357142857143,0.355532086554965,0.29484126984127,-0.302607027381589
6,9,39,0.553703703703704,0.0527367030070714,0.646296296296296,0.625273593607756
3,8,14,0.404761904761905,-0.118597977264372,0.337301587301587,-0.53788950482518
3,3,5,0.555555555555556,1.45591466096059,0.555555555555556,1.34623889222143
15,65,297,0.179846078067232,0.282588426068353,0.277429866237431,1.94449856854621
4,20,50,0.431140350877193,-0.0398560339888126,0.533728213507625,0.871578347504025
3,16,31,0.480555555555556,0.0705604191153479,0.474236874236874,0.089633638950127
7,38,87,0.234024249813723,0.279183948391912,0.217526001385923,0.665817961494262
6,36,80,0.269312169312169,0.19913495158388,0.235753018586352,0.327109068551013
3,63,121,0.472691585594811,-0.0235185031716007,0.495910254940183,0.579456364804709
3,77,150,0.489861016176806,0.0575595500701446,0.506600881033068,0.745619259936479
3,165,278,0.443409706824341,0.135594235970739,0.370022693549795,-0.193116659428104
6,282,662,0.276072453160361,0.196947892719727,0.298079389312799,2.61138727686779
8,4,27,0.761904761904762,0.658455837723241,0.714285714285714,-0.0785115484840293
8,4,30,0.875,-0.342089373796972,0.875,-0.545852127828174
42,91,281,0.0616990512667212,0.329562175584016,0.076326983310812,0.904817711476688
8,6,23,0.298492063492063,0.318613290500747,0.491071428571429,0.927823947846544
8,22,64,0.4568130282416,1.30650019958385,0.192757461836409,0.570248306837748
91,679,1207,0.0724364297427184,0.775046787507954,0.0402746668285985,1.57035451756289
20,30,332,0.35056832432086,0.544635694873291,0.620917329229486,3.22458821565789
4,12,41,0.756313131313131,0.48161626509685,0.758333333333333,0.357850246613894
4,4,11,0.541666666666667,-0.0150120520091918,0.541666666666667,0.0207292134265046
11,17,100,0.32403101392072,0.0811301657587317,0.539699694245149,1.66439415754456
51,14,114,0.127190377953082,0.863339545533188,0.119153134447252,0.215677474438467
5,33,68,0.278661616161616,0.0565311520187736,0.299662804515746,0.467326722271614
5,35,78,0.330252100840336,0.178246047938865,0.27471434057641,0.0685918661464922
10,99,320,0.215661964641556,0.235396972768683,0.294210999052026,2.34551389597805
11,40,201,0.319082491582492,0.434489402603336,0.412179573450088,1.95559465793174
25,79,299,0.159485780769367,0.878317693803861,0.143438675336775,1.688558221235
4,24,46,0.365942028985507,0.249555470000845,0.366454013822435,0.767816699163618
3,10,20,0.522222222222222,0.351477399666013,0.542328042328042,0.518164517361649
6,21,57,0.315714285714286,0.288318485407716,0.394924062865239,1.21719487537773
6,18,40,0.216339869281046,-0.00233373985679363,0.266250971250971,0.345358291499999
8,49,93,0.170682499190152,0.0841962619297619,0.110773661847988,-0.212076751695129
4,32,71,0.431283602150538,0.272961618548572,0.385046945391773,0.408302147165171
18,11,38,0.131469237832874,0.352910078717872,0.144491129785247,0.254568387066002
13,44,143,0.241876824725662,0.784558586491711,0.166516377562491,0.787625108090781
4,15,23,0.254761904761905,-0.0766405499253976,0.203920153920154,-0.345498085044681
3,18,23,0.325708061002179,-0.0487536952878253,0.153418803418803,-1.05862572061436
7,30,54,0.201330049261084,0.170638844255113,0.153359510695866,0.267527032817253
6,30,63,0.238697318007663,0.18232979973767,0.233882801065464,0.443215682199426
8,81,246,0.230762051734274,0.154070843794217,0.355263567021055,2.47948827368025
20,36,177,0.121519493169206,0.114329346404082,0.294998812156829,1.84736494522716
19,38,167,0.111593742258155,0.108993835599743,0.273646827962803,1.79676138145505
19,33,158,0.124715211020138,0.15100353455822,0.286719297084025,1.69728755429611
19,33,135,0.11960710206097,0.200337456935871,0.229307469884435,1.2851938007933
18,22,88,0.11039729093587,0.119622015945815,0.221143616731852,0.903708222851064
14,13,52,0.190805668690284,0.247232292936543,0.327255680827109,1.09505706898911
10,12,30,0.171320346320346,0.232057039375227,0.165308641975309,0.198212557236517
9,56,103,0.24334570191713,0.534137727328962,0.118456111609361,0.587653940079707
4,24,82,0.780797101449275,1.5212229563725,0.787037037037037,4.84686666774316
11,28,77,0.132976400436718,0.0183053911432971,0.230240189103825,0.909500859691363
53,17,158,0.163333591684737,1.21683700514209,0.113014446849715,0.21051941927868
5,42,108,0.340805265195509,0.106091121145844,0.458848772790203,1.72274667981923
5,23,69,0.400065876152833,-0.00459843107308312,0.583611971104231,1.71744527543051
5,34,95,0.383511586452763,0.159861502301734,0.507589505003298,1.87028368580989
5,24,69,0.46292270531401,0.705854570341494,0.655760326629892,2.99660872617166
5,32,96,0.41760752688172,0.108238847021731,0.543743805309023,1.70743160505791
5,25,75,0.396,0.035637608001482,0.634540294586734,2.42876368429336
4,19,33,0.357212475633528,0.229267009879294,0.315013227513228,0.479185750245474
13,11,53,0.24030106257379,0.604880873010601,0.372868335368335,1.20304513287038
4,19,45,0.403021442495127,0.0342541824953563,0.498511904761905,0.888363983690271
6,25,72,0.339333333333333,0.228717969474684,0.411635858744487,1.16969401132306
17,19,62,0.110071669243496,0.233557892641615,0.311996806298277,1.74510289079188
15,28,96,0.168717158796524,0.397397083511346,0.203008215227366,0.969550188861671
18,29,98,0.136737803794454,0.404461270488837,0.158838559960851,0.868535388766034
17,24,64,0.134272973403408,0.431209213226681,0.174080759926348,0.905428390280094
17,23,71,0.0980595381781152,0.061453299762621,0.177946910116028,0.719595998909955
6,16,37,0.320972222222222,0.229288467425074,0.30509768009768,0.576390977270195
9,11,98,0.97979797979798,NA,0.97979797979798,NA
4,21,41,0.331349206349206,0.0508006457113875,0.302935340802988,-0.142972515472872
3,23,47,0.565876152832675,0.432567987599547,0.510480747322853,0.423513290355276
6,31,88,0.36921146953405,0.49812033662495,0.343672404127782,0.949046977339882
6,27,102,0.49363722697056,0.555135239240386,0.536332341952479,1.43696028267635
97,33,316,0.14005420600665,1.98714568508446,0.0695930774246743,0.27889545991361
7,32,59,0.371068548387097,0.906991479564536,0.139790237730741,0.413389158936998
27,52,471,0.164659523521637,0.181857683627053,0.399103416391393,3.0324810822244
26,49,497,0.191530978051717,0.100713997592232,0.482195442554124,3.5920891875642
26,27,122,0.0912429418938186,0.148610373312407,0.240122172699096,1.37387283904283
26,27,180,0.0986829679397498,0.125749187677497,0.479947061485523,3.43523847328414
27,63,322,0.0861612753506926,0.129335960143522,0.234754349625661,2.16506505574542
26,55,344,0.101720013711646,0.0863271947116066,0.334130075666485,2.96101906843297
27,33,212,0.0872714951356942,-0.00929199587944568,0.463663338411956,3.65297145287631
26,47,230,0.0749893515923359,0.106962557576303,0.348835126464919,3.36154866277869
13,34,141,0.211494175264229,0.265948397099431,0.21394521499166,0.530267203921584
25,6,53,0.174727668845316,-0.253345695833447,0.272666666666667,0.218385572151571
45,8,144,0.226225436796948,0.283834287286475,0.359259259259259,0.66363260544514
98,8,390,0.30250046930361,0.371400173591718,0.460155490767736,0.795671142327994
36,6,66,0.111285554863072,-0.466528151715939,0.327804232804233,0.492562691215658
93,9,216,0.0927851110016182,-0.120015364326101,0.308769117745275,0.815076770680441
65,14,249,0.266959553663807,2.04316923014749,0.170970810706388,0.26786606910336
29,19,211,0.22115739832722,0.625222335229576,0.477501507395017,2.29675442296324
29,19,211,0.22115739832722,0.629967602197029,0.477501507395017,2.30328899950525
11,14,46,0.252312370169513,0.50497327259919,0.198929403929404,0.321311428319519
14,71,193,0.11722498270788,0.14508384050174,0.158006044894079,1.06926390533638
15,51,139,0.136457653457653,0.296986577806384,0.151835642464304,0.999887804834441
15,45,121,0.105528357725327,0.137142692271156,0.181093170020636,1.28202861962042
15,43,107,0.104815379649267,0.181752059424711,0.132035004244204,0.756210066045184
14,55,242,0.189422734018694,0.334920336669319,0.345551843736697,2.73721689049877
15,45,165,0.157248315657407,0.284133800895074,0.232093132407729,1.51723712316589
15,41,121,0.13084003733394,0.300401099870618,0.220952232087407,1.71198000092158
15,34,102,0.114847254152067,0.182849560555682,0.22614107001325,1.42830077859855
15,124,378,0.140603108099174,0.316142378057036,0.184899556465649,2.12840232181746
15,71,342,0.182919015927064,0.309158144953981,0.384237082383844,3.67898002182753
14,72,193,0.115670518839533,0.122231097247811,0.189604132248694,1.50517016222474
15,69,177,0.0862192699788608,0.0294386721473098,0.169675142111038,1.29771877664912
15,37,109,0.115665378165378,0.176528757521991,0.176281339141799,0.972490143007638
16,57,243,0.197936839337215,0.622139935022351,0.263055939415064,2.18344543759876
15,44,168,0.140019910791581,0.196336654766398,0.289485788093541,2.08268832345058
15,38,132,0.152616235510972,0.319640473956054,0.312068544650505,2.32318424654206
16,109,323,0.119234487385609,0.22025529020522,0.198856577163981,2.33400835219596
16,77,338,0.194804091822205,0.579882276352624,0.303600623784085,3.15432934672541
12,40,173,0.213417508417508,0.240714130106491,0.327780236172323,1.69550820012473
22,57,494,0.222052878828234,0.327006742952618,0.453246168100556,3.43569308451822
9,72,392,0.418731214447177,0.151931699367829,0.591124625723604,3.32206121807576
4,54,95,0.361926391800606,0.109369519613546,0.293913906142167,0.224516809701021
4,59,88,0.276446522501461,0.00202970357777562,0.154822301881125,-1.20645112364774
4,23,27,0.286561264822134,0.0933666583420808,0.0500518000518001,-1.02471361354124
12,88,210,0.144911035643794,0.20469672330188,0.114620139661602,0.378804262830877
10,29,101,0.234598092110407,0.422453429319765,0.331359430413027,1.67270815100527
3,35,50,0.350700280112045,-0.0405200052887704,0.2531569664903,-0.81473250990178
14,90,164,0.228604143810136,0.781989602695072,0.0894669373584225,0.843705948916505
10,29,42,0.332717569786535,0.920565450308664,0.0738287638287638,0.103830146456425
9,33,45,0.204229797979798,0.359926000585825,0.0575665461082128,-0.0549037245723864
9,27,39,0.277967711301045,0.628928905698589,0.0489054881211744,-0.179172965570101
10,29,43,0.300492610837438,0.836414054889387,0.0448742582953109,-0.143899084241783
8,35,51,0.258011204481793,0.518899911850844,0.0577685039253362,-0.0719772505928981
8,26,36,0.251538461538462,0.473153968394041,0.0671704198793982,-0.139393368229686
7,24,31,0.380434782608696,0.733623808198314,0.0435846560846561,-0.257634798528917
8,27,47,0.223884140550807,0.337424093549459,0.165364298400013,0.73750722076919
10,44,96,0.130488019732206,0.0491186791066222,0.18134305437711,0.825206062274151
11,47,125,0.159591888222786,0.215801062365751,0.219192668553879,1.32775302488625
3,8,21,0.767857142857143,0.685136311040279,0.827380952380952,1.93713706278105
3,47,101,0.559666975023127,0.00769952115611291,0.61024661024661,0.977111838870508
3,44,91,0.557434813248767,0.26936947743838,0.575892857142857,0.930728784959507
144,31,384,0.108226732293297,1.65505751645593,0.0576225823275885,0.15318744461075
18,10,50,0.440685237057786,2.12260881251878,0.443391430646333,1.24960065249883
28,5,77,0.50718045112782,3.56125867126083,0.547707231040564,1.23613539545916
7,222,507,0.229272582213759,0.191255356771031,0.246626436768583,2.43724339520921
6,53,105,0.527890662796323,0.8194653967442,0.392433218091555,2.79626722011122
16,82,507,0.218328782195088,0.164009803049346,0.388624972910815,3.04197509619333
30,38,459,0.332316026693228,1.62629985069434,0.364764128568307,2.20413149463392
7,40,130,0.482152014652015,1.43875834976919,0.431270560493834,2.79693912071104
21,56,201,0.15717116638594,0.630383881230363,0.354544507536805,4.07758787467492
43,84,512,0.0628628170272358,0.253132416024499,0.256242094119185,3.50699828270024
6,78,250,0.517604617604618,0.669064351395558,0.277307271201738,-0.866817845560676
26,49,117,0.158837495759765,0.826588436776739,0.124561383262288,0.85569509377406
23,69,385,0.143780283698868,0.336714818001656,0.298721285719381,2.98279080540264
22,18,106,0.156627572751685,0.470266286628744,0.340519497337679,1.5864882261458
8,6,19,0.330634920634921,0.422343050315917,0.253571428571429,-0.0776312873205556
8,15,32,0.226371882086168,0.400012998208264,0.198012007833436,0.461679131166317
6,6,25,0.605555555555556,0.909779680115573,0.562222222222222,0.863680779283032
6,11,38,0.490909090909091,0.985305150584443,0.552323232323232,1.41882317205803
26,37,303,0.256784006977225,1.39857692175802,0.361090579434405,2.84926103921659
9,37,150,0.360169097669098,0.868890575903517,0.559398811111383,3.84082338768135
11,32,118,0.420785912116557,1.5687901187609,0.325571759211789,2.2083698418727
13,28,141,0.294223259104211,0.888458511659618,0.365413676262144,2.01380464670725
15,25,185,0.395460391460391,1.24656359502101,0.453653234352617,2.16034834470578
48,84,312,0.0795766072646035,0.579567394667777,0.120377822548343,1.61650276778302
8,52,138,0.237630180277239,0.149370409207379,0.365050572507407,2.60136046841622
23,22,51,0.0679777971794779,0.0261070323159725,0.184199134199134,0.91859836534592
17,56,123,0.119622505921207,0.2781174085135,0.120230428453959,0.841891193915946
34,27,98,0.125603094867382,0.750166657187838,0.182690468778034,1.05143959190531
20,25,76,0.160622287842876,0.619560183255787,0.217114935378745,1.19311194032464
14,9,22,0.0694444444444444,-0.210332203356593,0.217032967032967,0.376369996486743
20,597,2286,0.14932124237665,0.494551118677279,0.232275029122262,7.35890352652394
9,479,1241,0.261547760819256,0.46453960903263,0.286291775303421,6.49917548628749
12,412,1129,0.192463035039748,0.40952623943495,0.16203431048206,2.42677845267712
3,11,22,0.527272727272727,0.200351429014982,0.462626262626263,-0.129053732368308
3,10,22,0.614814814814815,0.477968902512293,0.566666666666667,0.432505521086314
18,10,52,0.360631030189854,1.88677585548396,0.36624649859944,1.33270346532969
19,10,59,0.34355703120409,1.78346224830296,0.364731272626009,1.33460557627908
10,10,32,0.418148148148148,1.43760736027817,0.332804232804233,1.21274924214091
9,15,50,0.350030234315949,0.902957500770497,0.311809795143128,1.0645695348015
19,10,59,0.34355703120409,1.77823509464483,0.364731272626009,1.3220949806918
4,25,50,0.505,0.615590803261017,0.342423952858735,0.49600269072001
10,17,59,0.357119514472456,1.09759586696476,0.274238909238909,0.920661433885119
15,81,679,0.429778767186175,1.00176136243102,0.548927441749662,4.62190137289794
7,19,55,0.373113338902813,0.802390827140104,0.404949116398696,1.77372280170797
3,216,439,0.607479184610968,0.726898330674384,0.548406797695705,2.8225049199947
3,188,374,0.614025107141503,0.79297554289221,0.529372802275406,2.3548768006637
29,71,435,0.0997317117012585,0.113796648200111,0.230372351227565,2.0002879226122
30,71,558,0.135993287106705,0.399320088882273,0.342934928982678,3.57833214598242
25,8,96,0.282642246292456,0.684007607700324,0.580134920634921,1.58775330339147
5,9,15,0.573611111111111,0.921880537817935,0.279166666666667,0.321978027448673
5,9,19,0.348611111111111,0.346233541208991,0.314404761904762,0.316036606201339
43,23,193,0.199651722980161,1.9117934854032,0.442055013519456,3.16715769311604
17,284,1424,0.229474657342096,0.786240826688498,0.317967809149512,6.44343253477006
6,261,651,0.350919049022497,0.575468019425601,0.319082421566957,4.23855358396948
3,10,11,0.266666666666667,-0.145193067128736,0.0476190476190476,-1.13362145497824
3,14,16,0.294871794871795,-0.0946554782444165,0.0703703703703704,-1.26858782758763
4,36,45,0.246296296296296,-0.0351906087229831,0.113441104893521,-0.928137095556696
4,18,23,0.235838779956427,-0.0776430487335725,0.125673400673401,-0.601789010167368
4,17,22,0.226102941176471,-0.0998057488450014,0.128703703703704,-0.59670349572684
4,16,21,0.238194444444444,-0.0849995175020253,0.141137566137566,-0.561922275406941
4,15,20,0.235714285714286,-0.0960515274589477,0.148941798941799,-0.499620932693508
15,27,65,0.156354914474573,0.37696756714884,0.154795274753258,0.72203053049201
7,61,280,0.4904033307312,0.297649968412911,0.593500038741934,2.38763536628234
7,78,280,0.338985617557046,0.163428882192865,0.476808500721008,2.82952300750277
7,10,32,0.287142857142857,-0.0624300782629261,0.451020408163265,0.890294711673159
7,14,32,0.166169544740973,-0.100110033210897,0.324829931972789,0.790419995772145
7,120,229,0.296195478191277,0.555081875642198,0.233425204338539,2.69284963076218
7,130,229,0.275350540931936,0.47906225281676,0.211673422584391,2.53403908152795
6,28,70,0.313932980599647,0.314040301489875,0.290610845295056,0.67664683378945
6,12,31,0.243181818181818,-0.0593141404139104,0.366190476190476,0.650311935052532
7,16,40,0.387916666666667,0.880247055268247,0.197120339977483,0.365750037302568
16,45,223,0.239264425249274,0.810583798815454,0.318952444040794,2.45046588220853
8,38,141,0.40734776129513,0.917238116098279,0.400706961628147,1.93715554033868
15,28,74,0.166157754649818,0.478884442910408,0.186514682018884,1.05038826945018
6,10,21,0.32962962962963,0.579831488359673,0.227566137566138,0.447485102364408
8,6,21,0.313888888888889,0.766538895341798,0.504761904761905,1.11547271539271
8,12,26,0.298538961038961,0.561135434976221,0.227285611214183,0.459092192560184
30,5,97,0.605394736842105,3.35010740780612,0.556934865900383,0.960181152268255
24,14,65,0.091629982018998,0.0624669706064153,0.264636530940879,0.925871066429073
21,14,80,0.154701646661892,0.289185117965144,0.279362502576788,0.925587687057664
45,17,145,0.0813902293160581,0.173439221014882,0.23857248531491,0.97436579237531
9,8,54,0.652891156462585,1.8400018981511,0.689417989417989,1.57024292871518
26,128,845,0.152205957850163,0.509165806354719,0.283997635806246,3.76611971877023
13,123,580,0.20720335945246,0.189298882189772,0.3515340676925,3.34085751581888
13,75,265,0.157345326345326,0.171102460257076,0.294459215887842,2.60865664366142
9,5,31,0.634920634920635,1.48593264464885,0.537037037037037,0.512528261850899
15,152,870,0.208325879080062,0.260899075679364,0.493465932224101,7.08812665445129
3,11,29,0.83030303030303,1.46019754908969,0.757575757575758,NA
3,11,27,0.709090909090909,0.529338315111115,0.684848484848485,0.484275570459083
6,26,38,0.352307692307692,0.566628974238035,0.128305761432696,0.323842615044692
5,8,11,0.18452380952381,-0.0283311470905522,0.0666666666666667,-0.471750836603167
6,25,34,0.167777777777778,-0.0228455425872128,0.0632506382506382,-0.65529534963663
6,26,38,0.173076923076923,-0.0112135293978293,0.0693898693898694,-0.706121610461069
6,26,42,0.194205128205128,0.0128111906600671,0.102771514977397,-0.559504380678298
6,27,46,0.194729344729345,-0.00112300331508654,0.149349261849262,-0.202615946141149
6,28,51,0.199470899470899,-0.0117494328427593,0.154957836281366,-0.226361801454207
6,29,52,0.190188834154351,-0.0287211288933673,0.151132418779478,-0.303142942460351
6,30,51,0.184291187739464,-0.0145703305801041,0.124767351384998,-0.431906759480311
6,27,54,0.239553656220323,0.0714359459337087,0.1597737883032,-0.386804389535363
6,30,57,0.22360153256705,0.0544127977739454,0.149449160691589,-0.381510407259818
6,31,61,0.248494623655914,0.114158749294961,0.151907373099324,-0.397085472597628
6,33,66,0.248989898989899,0.132302408580098,0.172303927162544,-0.212629704961676
6,34,69,0.237314319667261,0.0850269911133873,0.190003440125215,-0.0307093606928377
6,35,70,0.232408963585434,0.0827862753397484,0.18865845242935,-0.0287390647010894
6,37,71,0.221196196196196,0.0574369231840292,0.195941731090136,0.134057591036291
6,39,73,0.211988304093567,0.0401372853054205,0.188683796625444,0.106968458048168
6,41,76,0.215487804878049,0.0537164305119235,0.18873488292201,0.141376872636706
6,41,79,0.230711382113821,0.0919462426466484,0.206136552106288,0.304599908874983
6,35,75,0.232745098039216,0.0519991912186271,0.258496260457045,0.565038208763289
6,33,70,0.255618686868687,0.152684156196598,0.226701111132843,0.326938501642248
6,23,29,0.16501976284585,-0.0350142107140796,0.0505555555555556,-0.628576784054225
6,250,536,0.23688781793842,0.0939091620563847,0.302637554957242,3.11925532174192
6,39,50,0.229194781826361,0.216974314569999,0.0456208167477517,-0.742112979301187
6,62,94,0.223514895117222,0.187791209042098,0.106289734068301,-0.227514798239468
6,76,128,0.213842105263158,0.133820504979107,0.167242399403555,0.361906406420792
6,112,201,0.227541827541828,0.14468890201968,0.187047482298106,0.611609057836321
6,134,256,0.230870085661916,0.142469173872605,0.215162048722245,1.00601353129571
6,154,308,0.229285855756444,0.126353840488004,0.254447167128081,1.80887339374161
6,190,377,0.228361644852873,0.121227699081061,0.251220317299622,1.89313401143284
6,217,432,0.227467713489219,0.114016080573034,0.262338157507294,2.27922875870257
6,232,470,0.227922699905459,0.10673541184045,0.267609489379023,2.39004627522856
5,119,365,0.506677586288753,0.680886647202986,0.549933948388392,3.80031395299958
9,17,66,0.346597805788982,0.879381067849648,0.456228185394852,1.88988099956861
22,12,121,0.319410708791162,1.0542890783246,0.485936982690229,1.65507761432513
22,40,456,0.455232292514979,1.88696432553549,0.488016088362053,2.79860173406463
17,26,205,0.370037805331923,1.41656148217764,0.526006750232648,2.99801133245601
6,23,106,0.62931488801054,0.18413749576712,0.671946797164188,1.1126430708744
16,5,33,0.197007575757576,-0.177901612268139,0.386527777777778,0.419806710981731
17,5,43,0.314343744490803,0.144322957270478,0.425857843137255,0.371977855695234
9,18,64,0.307072829131653,0.614371548096641,0.356798063048063,1.48044323051354
8,40,84,0.531474358974359,1.62238864849181,0.261476910584053,2.55793654767311
102,39,1503,0.253124538599156,1.92488886887548,0.39713014749992,2.7134145854756
4,38,78,0.374585111427217,0.166414238255728,0.41550764050764,1.12784615886609
5,38,86,0.341370317686107,0.302045294235231,0.354436560171854,1.25879195945759
15,23,208,0.468159596222837,0.844799744096327,0.531731404498985,1.48970325578042
7,9,28,0.334722222222222,0.263540015237167,0.28994708994709,0.227779706759537
6,102,287,0.312935999482301,0.111822295631319,0.401842244392783,2.19713522933124
5,3,8,0.2,-0.807007020154417,0.566666666666667,0.557107857500493
25,13,92,0.182885116259729,0.602874040865839,0.410294612794613,1.58705385084898
48,78,237,0.0697320760742742,0.520535832316001,0.146163829585744,1.92992660073278
19,16,130,0.295418537860488,0.728299252829773,0.420778831305147,1.46499103149747
19,14,139,0.409829494777442,1.032064482982,0.479345281099667,1.35500753530882
14,19,145,0.517204757555635,1.47519569772666,0.415756649290144,0.918703441938343
19,15,170,0.427697888299392,0.777064623696,0.584003131371552,1.65352304040457
13,11,77,0.324390760754397,0.0845608736740001,0.547559385059385,1.34059776090835
57,14,210,0.161373988303076,0.811081637711524,0.384875744556196,1.61925268716122
15,13,74,0.211413372951834,0.14248275661444,0.408002130144987,1.31003473226031
12,6,36,0.30959595959596,0.339042053686332,0.551515151515152,1.12466381552177
30,35,303,0.168311039922903,0.39384035561474,0.255753882030491,1.24337133710751
4,683,1161,0.45314751921043,0.540207023055456,0.230195637370556,0.340676122420318
56,39,882,0.279429749887936,1.71763592189035,0.435302709704697,3.06999151910318
9,6,16,0.251851851851852,0.549106146952476,0.434259259259259,0.872986049730114
14,32,132,0.376940812323877,1.63516316632616,0.309351286592041,2.3915527062563
6,35,79,0.283305322128852,0.390169520466862,0.332691248915505,1.82383284892386
6,263,454,0.225515920239166,0.156724783910402,0.279250567698239,4.30470388059707
6,400,625,0.217105889724311,0.147341457936071,0.178428703968387,2.26877313495248
8,36,83,0.273469387755102,0.542217364639991,0.283470882415667,1.64558522082738
6,66,84,0.238547008547009,0.17789605196001,0.107064225096806,0.0677248735078379
7,38,89,0.252214996951839,0.379245014041508,0.253177368051247,1.29145810062673
7,63,129,0.229486991929388,0.290131084444216,0.187672380551171,0.964033528936366
19,22,247,0.413668361189068,0.863180319538072,0.65432321467029,2.67451438663043
14,18,119,0.307940189802935,0.37572396073118,0.440249503064629,1.33938692325418
12,46,288,0.389429596168727,0.918876254493149,0.542562360873326,3.47619336186626
12,49,306,0.372945931619401,0.873674970873957,0.553534438411474,3.82101365547819
21,48,245,0.232856896137168,1.2692627420756,0.223361940162519,1.94888156495734
9,6,35,0.420899470899471,-0.0294799794600241,0.625,0.850712332446651
6,48,175,0.41548463356974,0.0120386719395043,0.542059261273658,1.81675923248667
7,55,96,0.550420073753407,1.33649286500755,0.220723128380556,1.66751694911105
17,24,119,0.203847376929218,0.460078662316159,0.453913139322787,2.86172460367256
9,12,26,0.59042809042809,1.8847363849925,0.360185185185185,1.73518623464422
9,8,25,0.239583333333333,0.238299384781849,0.383796296296296,0.958276669661428
6,13,19,0.239316239316239,0.188240070729848,0.092965367965368,-0.246645513580563
9,10,31,0.33805114638448,0.894091275903381,0.332473544973545,0.98378025987499
15,198,732,0.315160011756689,1.41591363277258,0.215406580748538,4.03054953392203
15,152,598,0.352530375012076,1.61255529847059,0.229790024277465,3.77197333775069
5,9,23,0.503240740740741,1.19047131030063,0.450793650793651,1.47287468486712
5,151,385,0.48257689477557,0.862152168234032,0.466140566373305,4.88274503710863
5,23,54,0.296113306982872,0.0303388534143693,0.417022111875053,1.21126739447138
5,7,21,0.471428571428571,0.522781160852111,0.476666666666667,0.728098503226935
5,190,483,0.454472291840713,0.72948505108882,0.458308693765664,4.91328048584007
12,28,74,0.18314961787184,0.478230508741658,0.283156188236402,2.0770040028464
3,5,7,0.383333333333333,0.144661821558808,0.15,-0.512008802983587
3,66,126,0.49005439005439,0.0942929006029048,0.476703096539162,0.31858278235341
3,4,9,0.5,-1.47280910734102,0.666666666666667,0.214779015046798
3,78,146,0.466366966366966,0.0176407215460114,0.454112958881542,0.0670979445973324
8,8,29,0.324192176870748,0.389272880315488,0.363818027210884,0.554873626408681
12,78,577,0.529624716313028,1.22082974857944,0.520630831033286,2.91074228788905
7,51,253,0.569581699346405,0.575529987241444,0.656016074711666,3.37143371241062
16,61,229,0.295716842356187,1.45259444270156,0.259616545407954,3.05749802033178
18,70,263,0.0949322792189069,0.0404199278174143,0.253384468675434,2.31821412352081
19,82,730,0.47243382085007,2.25421327630855,0.448314421613002,4.0448666842594
19,82,525,0.363528830716947,1.70540881516598,0.354847438530085,3.78891569056202
10,8,24,0.221031746031746,0.405131590383943,0.356772486772487,0.892954158458048
13,16,80,0.220739445739446,0.182256527455625,0.354445981369058,1.02550067358319
9,11,44,0.277085137085137,0.151676598180958,0.372795414462081,0.603602476608521
5,9,19,0.334722222222222,0.279985077019036,0.335714285714286,0.441244157805261
9,35,124,0.346026410564226,0.812670035279117,0.453272879584404,2.97312753164226
49,14,162,0.0826101440963105,-0.0944411561111506,0.292745451355145,1.07369152077675
52,14,170,0.0853640329462335,-0.101652445145701,0.27531572458043,0.963545013322999
3,5,8,0.266666666666667,-0.325800307927552,0.333333333333333,-0.253936778079085
28,26,178,0.262432041818801,1.7100763605075,0.294781962556239,1.92031163416459
28,26,178,0.262432041818801,1.74550816008285,0.294781962556239,1.93735436633681
22,116,627,0.133965707005658,0.257329461138088,0.269643299823861,3.22326413569626
150,21,1114,0.201029765542725,1.32371516706747,0.389712174659865,1.85380878862876
36,18,317,0.286235866605745,0.357843255870163,0.509824525122144,1.80782162148025
31,19,289,0.311560570080553,0.384702093794014,0.43546534883347,1.19391878125342
83,19,508,0.19192479176058,1.40003044014673,0.39904069507728,2.04449028052107
31,57,452,0.27454871050613,2.01090100369097,0.265030893025516,2.58945615612514
22,53,380,0.349440401834362,1.9686454810968,0.349042719647907,3.14513069661552
9,31,72,0.322439836149514,0.85053172692777,0.149131652358777,0.388253870462097
6,155,426,0.346001955034213,0.466263300496863,0.414739882115059,4.31169393099904
6,38,117,0.384518729255571,0.34122212603443,0.490094800151066,2.11621208717131
34,25,271,0.154811241351748,0.141256972962018,0.352106419063713,1.67344415680632
13,87,189,0.174716674516193,0.479564388153171,0.0955717619730052,0.386616290988136
11,15,32,0.33312925170068,0.906819007525743,0.287245179063361,1.32047676963488
16,178,1663,0.481880764269833,1.50648591312653,0.571184541928451,6.57489194077095
4,29,66,0.507799671592775,0.766106051633258,0.490763946904298,1.67140467242544
17,24,67,0.19564954617704,0.751985932356731,0.16292620957954,0.72239503759126
24,10,96,0.29948823507647,1.15284668480382,0.377616747181965,0.924269563686433
7,29,95,0.48082336382829,1.1903086850115,0.546817671419236,4.32895022472902
7,32,101,0.475312019969278,1.28599321310283,0.514210773562277,4.28643227934051
49,147,566,0.282456329021318,2.98896652595818,0.209643713369621,4.62650243481874
62,43,233,0.259715089363078,3.23118802681589,0.161956819819319,1.47886894056768
93,40,498,0.144383218186482,2.21971458830895,0.166156946634839,1.46180471995968
11,8,51,0.38192254174397,0.0679675071519825,0.513160173160173,0.759229205634364
3,6,11,0.488888888888889,0.151734725364356,0.388888888888889,-0.256696223404251
41,30,432,0.248220291199476,1.35515452737742,0.374201298217129,2.15082590788893
22,16,134,0.209387643624292,0.552505228555191,0.438875386277984,1.91499837771591
22,17,136,0.200414765788502,0.541521709074902,0.413938838938839,1.8506330496794
8,205,670,0.230243959372367,0.0226741458427248,0.428849743812907,5.30887153748364
8,174,590,0.241563287995419,0.0239259954811616,0.445019149176479,5.10936131885364
8,125,460,0.271660675883257,0.0318912442680171,0.454751445674794,3.90057644483298
8,148,558,0.278081470683511,0.0252883475286413,0.476378294378186,4.51477389818907
5,133,335,0.322345636819321,0.00720663698228094,0.445970536869802,2.83742907148281
5,85,228,0.363001867413632,0.0830120007847942,0.455193493929096,2.04738653227648
5,109,307,0.378596103749009,0.0305888183383248,0.495110540736532,2.58611866574366
28,26,275,0.394775948724162,2.51534846782419,0.406097296129001,2.62688151576926
5,38,87,0.572641062114746,1.23150278890228,0.284969159090441,1.46009203155476
7,24,65,0.538164251207729,1.56437822089362,0.187102860467859,0.671145758640418
21,47,124,0.14525724814809,0.606166315360077,0.069461616021534,0.28491355829707
4,54,151,0.564640111809923,0.580710171731046,0.651636690925385,2.66726716306878
4,31,102,0.704659498207885,0.444673988225829,0.758576480990274,1.56073152329377
8,182,850,0.370629692591019,-0.00699244611194286,0.650279095713994,7.67758715746967
4,180,467,0.465740740740741,0.00537397311081733,0.586959957239802,3.64250538850884
18,50,201,0.221973661592509,1.03827324824174,0.280731864412609,2.76446153447093
4,29,49,0.457307060755337,0.593144976913084,0.258248695748696,0.416384050965881
7,11,27,0.438181818181818,1.11619908612815,0.204287775716347,0.492143440021102
10,21,57,0.360633030990174,1.24704492428368,0.164010505414014,0.653299095487486
34,45,414,0.219729384563651,1.56893378144005,0.335016564329676,3.12373345118752
11,11,42,0.242300275482094,0.536087543667261,0.34546176046176,1.00628382157784
13,12,68,0.367600244872972,0.92500235859783,0.300396825396825,0.571022739486228
45,14,126,0.116525242838887,0.523311590984411,0.304742737621525,1.21867548067447
48,14,129,0.115347234947311,0.547440066945242,0.277965700572084,1.06076468840163
12,102,319,0.151369289590023,0.0984515830150788,0.210753268466846,1.38924050338547
13,59,216,0.199784119056474,0.324602823647242,0.219132372217617,1.27422124483238
29,15,73,0.071270477189078,0.0355671812945349,0.207281648291501,0.708631860479146
140,27,460,0.0458666249698562,0.22406541835092,0.174864895866951,1.01311390883599
202,29,654,0.0402033892143936,0.140081904121836,0.147352224151397,0.843570472334489
21,14,85,0.157944856264184,0.344987371217721,0.292536590393733,1.01901703926527
38,104,835,0.0855204073776247,0.146221746754649,0.324381074702932,4.33458765350727
9,38,240,0.569159384948859,0.375928894388857,0.559990172101649,0.577248773261128
4,38,123,0.711000474158369,0.557551714793485,0.689144886513308,0.717707299332132
16,21,133,0.267189212903499,0.108490088452525,0.222921026807443,-0.176987547603111
18,37,269,0.261546332379666,0.0507803278814776,0.243662051452353,-0.0927586033445062
18,41,302,0.262845120665243,0.0196324055641687,0.246094794899668,-0.122882371774078
12,40,148,0.191575646575647,0.0275758563744036,0.185925268592024,0.04116648186892
6,12,24,0.4,0.853864303953308,0.138730158730159,0.0533541241101912
3,11,16,0.593939393939394,0.835789205690844,0.324242424242424,0.455013859125701
4,61,190,0.715209471766849,0.856902659706527,0.625688193261788,0.761906282827802
4,20,44,0.532456140350877,0.802568988458445,0.43625730994152,1.22880072754445
4,9,20,0.458333333333333,0.41597951228168,0.402116402116402,0.333320996720848
4,16,21,0.30625,0.123002050627455,0.180144392644393,-0.0208002377893832
10,31,100,0.33347499573306,1.01230171856838,0.316593611761844,1.92128443812313
55,15,301,0.148709052695985,0.225203320493958,0.592369364642092,2.77880161084096
7,15,61,0.42421768707483,0.729276063274358,0.632909022194736,2.07540051151012
55,20,122,0.0441607326960513,-0.130158245324115,0.117498797498797,0.32154613341394
7,20,29,0.139473684210526,-0.0410076216964984,0.0612244897959184,-0.487679494709534
55,35,423,0.076420058247244,0.0234278055183118,0.404082576113176,3.15808071245857
7,35,90,0.220968387354942,0.123893977794574,0.385660291393374,2.00797778663366
3,72,126,0.648278560250391,1.04260533128155,0.41333587108235,1.87718773584225
3,74,128,0.637911884487227,1.00146815564292,0.403390232337601,1.87006210699714
19,211,718,0.152541527413292,0.474819712394154,0.36483643439683,8.39296605002602
18,51,114,0.160380800027859,0.569078418403889,0.149217787469157,1.32703696105248
14,112,1006,0.453160728607157,0.509443271380473,0.708064926788643,6.64607330596761
11,61,331,0.335888944085665,0.267285946449131,0.433039591836038,2.02715154065662
9,23,133,0.507238534412447,0.831029295705047,0.588674693899152,1.91694787214798
10,23,133,0.443759018759019,0.632518754228357,0.482078526335492,1.30029810636331
12,102,527,0.396923459852988,1.35958574575759,0.365107169009916,3.90754411454166
10,84,369,0.332318503037092,0.607968902833745,0.357608978758738,2.33334186476206
10,6,48,0.714285714285714,0.963157901465639,0.691851851851852,0.679384321683969
10,30,136,0.252432037949279,0.176815144044703,0.546472676520238,3.08139621408351
